trend,url,promoted_content,query,tweet_volume,place,woeid,as_of,created_at
Puebla,http://twitter.com/search?q=Puebla,NA,Puebla,33206,Mexico,23424900,2022-10-16T09:39:31Z,2022-10-15T01:28:39Z
#TriplemaniaXXX,http://twitter.com/search?q=%23TriplemaniaXXX,NA,%23TriplemaniaXXX,NA,Mexico,23424900,2022-10-16T09:39:31Z,2022-10-15T01:28:39Z
Larcamon,http://twitter.com/search?q=Larcamon,NA,Larcamon,NA,Mexico,23424900,2022-10-16T09:39:31Z,2022-10-15T01:28:39Z
Damm,http://twitter.com/search?q=Damm,NA,Damm,NA,Mexico,23424900,2022-10-16T09:39:31Z,2022-10-15T01:28:39Z
Fidalgo,http://twitter.com/search?q=Fidalgo,NA,Fidalgo,NA,Mexico,23424900,2022-10-16T09:39:31Z,2022-10-15T01:28:39Z
Cruz Azul,http://twitter.com/search?q=%22Cruz+Azul%22,NA,%22Cruz+Azul%22,16721,Mexico,23424900,2022-10-16T09:39:31Z,2022-10-15T01:28:39Z
#SUPERJUNIOR_KAMPLA2022,http://twitter.com/search?q=%23SUPERJUNIOR_KAMPLA2022,NA,%23SUPERJUNIOR_KAMPLA2022,19223,Mexico,23424900,2022-10-16T09:39:31Z,2022-10-15T01:28:39Z
Layún,http://twitter.com/search?q=Lay%C3%BAn,NA,Lay%C3%BAn,NA,Mexico,23424900,2022-10-16T09:39:31Z,2022-10-15T01:28:39Z
Irapuato,http://twitter.com/search?q=Irapuato,NA,Irapuato,NA,Mexico,23424900,2022-10-16T09:39:31Z,2022-10-15T01:28:39Z
Yankees,http://twitter.com/search?q=Yankees,NA,Yankees,116608,Mexico,23424900,2022-10-16T09:39:31Z,2022-10-15T01:28:39Z
Pagano,http://twitter.com/search?q=Pagano,NA,Pagano,NA,Mexico,23424900,2022-10-16T09:39:31Z,2022-10-15T01:28:39Z
Pueblita,http://twitter.com/search?q=Pueblita,NA,Pueblita,NA,Mexico,23424900,2022-10-16T09:39:31Z,2022-10-15T01:28:39Z
Azteca,http://twitter.com/search?q=Azteca,NA,Azteca,10630,Mexico,23424900,2022-10-16T09:39:31Z,2022-10-15T01:28:39Z
Rayados,http://twitter.com/search?q=Rayados,NA,Rayados,26895,Mexico,23424900,2022-10-16T09:39:31Z,2022-10-15T01:28:39Z
Romero,http://twitter.com/search?q=Romero,NA,Romero,21446,Mexico,23424900,2022-10-16T09:39:31Z,2022-10-15T01:28:39Z
Baca,http://twitter.com/search?q=Baca,NA,Baca,53280,Mexico,23424900,2022-10-16T09:39:31Z,2022-10-15T01:28:39Z
#TOHSPOILERS,http://twitter.com/search?q=%23TOHSPOILERS,NA,%23TOHSPOILERS,29998,Mexico,23424900,2022-10-16T09:39:31Z,2022-10-15T01:28:39Z
Roger Martínez,http://twitter.com/search?q=%22Roger+Mart%C3%ADnez%22,NA,%22Roger+Mart%C3%ADnez%22,NA,Mexico,23424900,2022-10-16T09:39:31Z,2022-10-15T01:28:39Z
Villano IV,http://twitter.com/search?q=%22Villano+IV%22,NA,%22Villano+IV%22,NA,Mexico,23424900,2022-10-16T09:39:31Z,2022-10-15T01:28:39Z
Araujo,http://twitter.com/search?q=Araujo,NA,Araujo,21892,Mexico,23424900,2022-10-16T09:39:31Z,2022-10-15T01:28:39Z
Hijo del Vikingo,http://twitter.com/search?q=%22Hijo+del+Vikingo%22,NA,%22Hijo+del+Vikingo%22,NA,Mexico,23424900,2022-10-16T09:39:31Z,2022-10-15T01:28:39Z
Astros,http://twitter.com/search?q=Astros,NA,Astros,123212,Mexico,23424900,2022-10-16T09:39:31Z,2022-10-15T01:28:39Z
Cibernético,http://twitter.com/search?q=Cibern%C3%A9tico,NA,Cibern%C3%A9tico,NA,Mexico,23424900,2022-10-16T09:39:31Z,2022-10-15T01:28:39Z
Cata,http://twitter.com/search?q=Cata,NA,Cata,NA,Mexico,23424900,2022-10-16T09:39:31Z,2022-10-15T01:28:39Z
Potro,http://twitter.com/search?q=Potro,NA,Potro,NA,Mexico,23424900,2022-10-16T09:39:31Z,2022-10-15T01:28:39Z
#MLBxESPN,http://twitter.com/search?q=%23MLBxESPN,NA,%23MLBxESPN,NA,Mexico,23424900,2022-10-16T09:39:31Z,2022-10-15T01:28:39Z
Monterrey,http://twitter.com/search?q=Monterrey,NA,Monterrey,20924,Mexico,23424900,2022-10-16T09:39:31Z,2022-10-15T01:28:39Z
Lara,http://twitter.com/search?q=Lara,NA,Lara,34907,Mexico,23424900,2022-10-16T09:39:31Z,2022-10-15T01:28:39Z
Maguito,http://twitter.com/search?q=Maguito,NA,Maguito,NA,Mexico,23424900,2022-10-16T09:39:31Z,2022-10-15T01:28:39Z
#SabadoDeLomitos,http://twitter.com/search?q=%23SabadoDeLomitos,NA,%23SabadoDeLomitos,NA,Mexico,23424900,2022-10-16T09:39:31Z,2022-10-15T01:28:39Z
Funes Mori,http://twitter.com/search?q=%22Funes+Mori%22,NA,%22Funes+Mori%22,NA,Mexico,23424900,2022-10-16T09:39:31Z,2022-10-15T01:28:39Z
Andrada,http://twitter.com/search?q=Andrada,NA,Andrada,NA,Mexico,23424900,2022-10-16T09:39:31Z,2022-10-15T01:28:39Z
Ochoa,http://twitter.com/search?q=Ochoa,NA,Ochoa,NA,Mexico,23424900,2022-10-16T09:39:31Z,2022-10-15T01:28:39Z
Estrada,http://twitter.com/search?q=Estrada,NA,Estrada,38217,Mexico,23424900,2022-10-16T09:39:31Z,2022-10-15T01:28:39Z
Mariners,http://twitter.com/search?q=Mariners,NA,Mariners,107428,Mexico,23424900,2022-10-16T09:39:31Z,2022-10-15T01:28:39Z
Boone,http://twitter.com/search?q=Boone,NA,Boone,20030,Mexico,23424900,2022-10-16T09:39:31Z,2022-10-15T01:28:39Z
Tano,http://twitter.com/search?q=Tano,NA,Tano,NA,Mexico,23424900,2022-10-16T09:39:31Z,2022-10-15T01:28:39Z
Viñas,http://twitter.com/search?q=Vi%C3%B1as,NA,Vi%C3%B1as,NA,Mexico,23424900,2022-10-16T09:39:31Z,2022-10-15T01:28:39Z
Morales,http://twitter.com/search?q=Morales,NA,Morales,14002,Mexico,23424900,2022-10-16T09:39:31Z,2022-10-15T01:28:39Z
Escoboza,http://twitter.com/search?q=Escoboza,NA,Escoboza,NA,Mexico,23424900,2022-10-16T09:39:31Z,2022-10-15T01:28:39Z
Kambosos,http://twitter.com/search?q=Kambosos,NA,Kambosos,48715,Mexico,23424900,2022-10-16T09:39:31Z,2022-10-15T01:28:39Z
Gallardo,http://twitter.com/search?q=Gallardo,NA,Gallardo,32593,Mexico,23424900,2022-10-16T09:39:31Z,2022-10-15T01:28:39Z
Shaggy,http://twitter.com/search?q=Shaggy,NA,Shaggy,NA,Mexico,23424900,2022-10-16T09:39:31Z,2022-10-15T01:28:39Z
Brian Rodríguez,http://twitter.com/search?q=%22Brian+Rodr%C3%ADguez%22,NA,%22Brian+Rodr%C3%ADguez%22,NA,Mexico,23424900,2022-10-16T09:39:31Z,2022-10-15T01:28:39Z
Cleveland,http://twitter.com/search?q=Cleveland,NA,Cleveland,36824,Mexico,23424900,2022-10-16T09:39:31Z,2022-10-15T01:28:39Z
baekhyun,http://twitter.com/search?q=baekhyun,NA,baekhyun,30204,Mexico,23424900,2022-10-16T09:39:31Z,2022-10-15T01:28:39Z
Carneiro,http://twitter.com/search?q=Carneiro,NA,Carneiro,NA,Mexico,23424900,2022-10-16T09:39:31Z,2022-10-15T01:28:39Z
Fénix,http://twitter.com/search?q=F%C3%A9nix,NA,F%C3%A9nix,NA,Mexico,23424900,2022-10-16T09:39:31Z,2022-10-15T01:28:39Z
Vuce,http://twitter.com/search?q=Vuce,NA,Vuce,NA,Mexico,23424900,2022-10-16T09:39:31Z,2022-10-15T01:28:39Z
Hunter,http://twitter.com/search?q=Hunter,NA,Hunter,125252,Mexico,23424900,2022-10-16T09:39:31Z,2022-10-15T01:28:39Z
