trend,url,promoted_content,query,tweet_volume,place,woeid,as_of,created_at
HAVE A SAFE FLIGHT YOONGI,http://twitter.com/search?q=%22HAVE+A+SAFE+FLIGHT+YOONGI%22,NA,%22HAVE+A+SAFE+FLIGHT+YOONGI%22,40288,Mexico,23424900,2022-09-27T06:55:14Z,2022-09-24T18:58:18Z
ESPN,http://twitter.com/search?q=ESPN,NA,ESPN,69323,Mexico,23424900,2022-09-27T06:55:14Z,2022-09-24T18:58:18Z
#SurvivorSemanaFinal,http://twitter.com/search?q=%23SurvivorSemanaFinal,NA,%23SurvivorSemanaFinal,NA,Mexico,23424900,2022-09-27T06:55:14Z,2022-09-24T18:58:18Z
#DallasCowboys,http://twitter.com/search?q=%23DallasCowboys,NA,%23DallasCowboys,13267,Mexico,23424900,2022-09-27T06:55:14Z,2022-09-24T18:58:18Z
#DARTMission,http://twitter.com/search?q=%23DARTMission,NA,%23DARTMission,71676,Mexico,23424900,2022-09-27T06:55:14Z,2022-09-24T18:58:18Z
#SUGA,http://twitter.com/search?q=%23SUGA,NA,%23SUGA,56423,Mexico,23424900,2022-09-27T06:55:14Z,2022-09-24T18:58:18Z
#WWERaw,http://twitter.com/search?q=%23WWERaw,NA,%23WWERaw,40014,Mexico,23424900,2022-09-27T06:55:14Z,2022-09-24T18:58:18Z
camberos,http://twitter.com/search?q=camberos,NA,camberos,NA,Mexico,23424900,2022-09-27T06:55:14Z,2022-09-24T18:58:18Z
Giants,http://twitter.com/search?q=Giants,NA,Giants,93832,Mexico,23424900,2022-09-27T06:55:14Z,2022-09-24T18:58:18Z
Dimorphos,http://twitter.com/search?q=Dimorphos,NA,Dimorphos,70237,Mexico,23424900,2022-09-27T06:55:14Z,2022-09-24T18:58:18Z
MIN YOONGI,http://twitter.com/search?q=%22MIN+YOONGI%22,NA,%22MIN+YOONGI%22,21891,Mexico,23424900,2022-09-27T06:55:14Z,2022-09-24T18:58:18Z
Bruce Willis,http://twitter.com/search?q=%22Bruce+Willis%22,NA,%22Bruce+Willis%22,NA,Mexico,23424900,2022-09-27T06:55:14Z,2022-09-24T18:58:18Z
Duilio Davino,http://twitter.com/search?q=%22Duilio+Davino%22,NA,%22Duilio+Davino%22,NA,Mexico,23424900,2022-09-27T06:55:14Z,2022-09-24T18:58:18Z
Américo Villarreal,http://twitter.com/search?q=%22Am%C3%A9rico+Villarreal%22,NA,%22Am%C3%A9rico+Villarreal%22,NA,Mexico,23424900,2022-09-27T06:55:14Z,2022-09-24T18:58:18Z
Vela,http://twitter.com/search?q=Vela,NA,Vela,NA,Mexico,23424900,2022-09-27T06:55:14Z,2022-09-24T18:58:18Z
Itzel,http://twitter.com/search?q=Itzel,NA,Itzel,NA,Mexico,23424900,2022-09-27T06:55:14Z,2022-09-24T18:58:18Z
GRACIAS POR HACERNOS BRILLAR,http://twitter.com/search?q=%22GRACIAS+POR+HACERNOS+BRILLAR%22,NA,%22GRACIAS+POR+HACERNOS+BRILLAR%22,NA,Mexico,23424900,2022-09-27T06:55:14Z,2022-09-24T18:58:18Z
Ornelas,http://twitter.com/search?q=Ornelas,NA,Ornelas,NA,Mexico,23424900,2022-09-27T06:55:14Z,2022-09-24T18:58:18Z
Jupiter,http://twitter.com/search?q=Jupiter,NA,Jupiter,126782,Mexico,23424900,2022-09-27T06:55:14Z,2022-09-24T18:58:18Z
Big Fish,http://twitter.com/search?q=%22Big+Fish%22,NA,%22Big+Fish%22,NA,Mexico,23424900,2022-09-27T06:55:14Z,2022-09-24T18:58:18Z
Celeste,http://twitter.com/search?q=Celeste,NA,Celeste,14640,Mexico,23424900,2022-09-27T06:55:14Z,2022-09-24T18:58:18Z
Austin TV,http://twitter.com/search?q=%22Austin+TV%22,NA,%22Austin+TV%22,NA,Mexico,23424900,2022-09-27T06:55:14Z,2022-09-24T18:58:18Z
Paseo de la Reforma,http://twitter.com/search?q=%22Paseo+de+la+Reforma%22,NA,%22Paseo+de+la+Reforma%22,NA,Mexico,23424900,2022-09-27T06:55:14Z,2022-09-24T18:58:18Z
Coatepec,http://twitter.com/search?q=Coatepec,NA,Coatepec,12637,Mexico,23424900,2022-09-27T06:55:14Z,2022-09-24T18:58:18Z
Harry Maguire,http://twitter.com/search?q=%22Harry+Maguire%22,NA,%22Harry+Maguire%22,35251,Mexico,23424900,2022-09-27T06:55:14Z,2022-09-24T18:58:18Z
Inglaterra,http://twitter.com/search?q=Inglaterra,NA,Inglaterra,28676,Mexico,23424900,2022-09-27T06:55:14Z,2022-09-24T18:58:18Z
prevención del embarazo,http://twitter.com/search?q=%22prevenci%C3%B3n+del+embarazo%22,NA,%22prevenci%C3%B3n+del+embarazo%22,NA,Mexico,23424900,2022-09-27T06:55:14Z,2022-09-24T18:58:18Z
Adolescentes,http://twitter.com/search?q=Adolescentes,NA,Adolescentes,22873,Mexico,23424900,2022-09-27T06:55:14Z,2022-09-24T18:58:18Z
Ángel de la Independencia,http://twitter.com/search?q=%22%C3%81ngel+de+la+Independencia%22,NA,%22%C3%81ngel+de+la+Independencia%22,NA,Mexico,23424900,2022-09-27T06:55:14Z,2022-09-24T18:58:18Z
Alemania,http://twitter.com/search?q=Alemania,NA,Alemania,39133,Mexico,23424900,2022-09-27T06:55:14Z,2022-09-24T18:58:18Z
Namor,http://twitter.com/search?q=Namor,NA,Namor,20146,Mexico,23424900,2022-09-27T06:55:14Z,2022-09-24T18:58:18Z
Ferriz,http://twitter.com/search?q=Ferriz,NA,Ferriz,NA,Mexico,23424900,2022-09-27T06:55:14Z,2022-09-24T18:58:18Z
André Marín,http://twitter.com/search?q=%22Andr%C3%A9+Mar%C3%ADn%22,NA,%22Andr%C3%A9+Mar%C3%ADn%22,NA,Mexico,23424900,2022-09-27T06:55:14Z,2022-09-24T18:58:18Z
Ellie,http://twitter.com/search?q=Ellie,NA,Ellie,33720,Mexico,23424900,2022-09-27T06:55:14Z,2022-09-24T18:58:18Z
The Last of Us,http://twitter.com/search?q=%22The+Last+of+Us%22,NA,%22The+Last+of+Us%22,85249,Mexico,23424900,2022-09-27T06:55:14Z,2022-09-24T18:58:18Z
Latinus,http://twitter.com/search?q=Latinus,NA,Latinus,20104,Mexico,23424900,2022-09-27T06:55:14Z,2022-09-24T18:58:18Z
Día Nacional,http://twitter.com/search?q=%22D%C3%ADa+Nacional%22,NA,%22D%C3%ADa+Nacional%22,17334,Mexico,23424900,2022-09-27T06:55:14Z,2022-09-24T18:58:18Z
FIFA 23,http://twitter.com/search?q=%22FIFA+23%22,NA,%22FIFA+23%22,148847,Mexico,23424900,2022-09-27T06:55:14Z,2022-09-24T18:58:18Z
Tenoch Huerta,http://twitter.com/search?q=%22Tenoch+Huerta%22,NA,%22Tenoch+Huerta%22,10388,Mexico,23424900,2022-09-27T06:55:14Z,2022-09-24T18:58:18Z
Nodal,http://twitter.com/search?q=Nodal,NA,Nodal,NA,Mexico,23424900,2022-09-27T06:55:14Z,2022-09-24T18:58:18Z
Auron,http://twitter.com/search?q=Auron,NA,Auron,NA,Mexico,23424900,2022-09-27T06:55:14Z,2022-09-24T18:58:18Z
#MondayNightFootball,http://twitter.com/search?q=%23MondayNightFootball,NA,%23MondayNightFootball,NA,Mexico,23424900,2022-09-27T06:55:14Z,2022-09-24T18:58:18Z
#ellasenvix,http://twitter.com/search?q=%23ellasenvix,NA,%23ellasenvix,NA,Mexico,23424900,2022-09-27T06:55:14Z,2022-09-24T18:58:18Z
#Ayotzinapa,http://twitter.com/search?q=%23Ayotzinapa,NA,%23Ayotzinapa,29971,Mexico,23424900,2022-09-27T06:55:14Z,2022-09-24T18:58:18Z
#voyconjetlag,http://twitter.com/search?q=%23voyconjetlag,NA,%23voyconjetlag,NA,Mexico,23424900,2022-09-27T06:55:14Z,2022-09-24T18:58:18Z
#DosBocasDeCorrupción,http://twitter.com/search?q=%23DosBocasDeCorrupci%C3%B3n,NA,%23DosBocasDeCorrupci%C3%B3n,20942,Mexico,23424900,2022-09-27T06:55:14Z,2022-09-24T18:58:18Z
#MorenaReprimeEnVeracruz,http://twitter.com/search?q=%23MorenaReprimeEnVeracruz,NA,%23MorenaReprimeEnVeracruz,18987,Mexico,23424900,2022-09-27T06:55:14Z,2022-09-24T18:58:18Z
#TogetherBlue,http://twitter.com/search?q=%23TogetherBlue,NA,%23TogetherBlue,NA,Mexico,23424900,2022-09-27T06:55:14Z,2022-09-24T18:58:18Z
#DALvsNYG,http://twitter.com/search?q=%23DALvsNYG,NA,%23DALvsNYG,13927,Mexico,23424900,2022-09-27T06:55:14Z,2022-09-24T18:58:18Z
#HorarioDeVerano,http://twitter.com/search?q=%23HorarioDeVerano,NA,%23HorarioDeVerano,NA,Mexico,23424900,2022-09-27T06:55:14Z,2022-09-24T18:58:18Z
