trend,url,promoted_content,query,tweet_volume,place,woeid,as_of,created_at
Feliz Navidad,http://twitter.com/search?q=%22Feliz+Navidad%22,NA,%22Feliz+Navidad%22,373110,Mexico,23424900,2022-12-27T06:03:56Z,2022-12-16T19:18:45Z
Christmas,http://twitter.com/search?q=Christmas,NA,Christmas,1968455,Mexico,23424900,2022-12-27T06:03:56Z,2022-12-16T19:18:45Z
UNAM,http://twitter.com/search?q=UNAM,NA,UNAM,75932,Mexico,23424900,2022-12-27T06:03:56Z,2022-12-16T19:18:45Z
Año Nuevo,http://twitter.com/search?q=%22A%C3%B1o+Nuevo%22,NA,%22A%C3%B1o+Nuevo%22,76470,Mexico,23424900,2022-12-27T06:03:56Z,2022-12-16T19:18:45Z
SCJN,http://twitter.com/search?q=SCJN,NA,SCJN,84697,Mexico,23424900,2022-12-27T06:03:56Z,2022-12-16T19:18:45Z
#MinistraPirata,http://twitter.com/search?q=%23MinistraPirata,NA,%23MinistraPirata,12763,Mexico,23424900,2022-12-27T06:03:56Z,2022-12-16T19:18:45Z
#MNFPlaydoit,http://twitter.com/search?q=%23MNFPlaydoit,NA,%23MNFPlaydoit,NA,Mexico,23424900,2022-12-27T06:03:56Z,2022-12-16T19:18:45Z
#BoxingDay,http://twitter.com/search?q=%23BoxingDay,NA,%23BoxingDay,46719,Mexico,23424900,2022-12-27T06:03:56Z,2022-12-16T19:18:45Z
Matilda,http://twitter.com/search?q=Matilda,NA,Matilda,20201,Mexico,23424900,2022-12-27T06:03:56Z,2022-12-16T19:18:45Z
Arsenal,http://twitter.com/search?q=Arsenal,NA,Arsenal,330123,Mexico,23424900,2022-12-27T06:03:56Z,2022-12-16T19:18:45Z
#PremierLeague,http://twitter.com/search?q=%23PremierLeague,NA,%23PremierLeague,23899,Mexico,23424900,2022-12-27T06:03:56Z,2022-12-16T19:18:45Z
Yasmín Esquivel,http://twitter.com/search?q=%22Yasm%C3%ADn+Esquivel%22,NA,%22Yasm%C3%ADn+Esquivel%22,82397,Mexico,23424900,2022-12-27T06:03:56Z,2022-12-16T19:18:45Z
K OS 5 MILLONES EN SPOTIFY,http://twitter.com/search?q=%22K+OS+5+MILLONES+EN+SPOTIFY%22,NA,%22K+OS+5+MILLONES+EN+SPOTIFY%22,NA,Mexico,23424900,2022-12-27T06:03:56Z,2022-12-16T19:18:45Z
Alan Estrada,http://twitter.com/search?q=%22Alan+Estrada%22,NA,%22Alan+Estrada%22,NA,Mexico,23424900,2022-12-27T06:03:56Z,2022-12-16T19:18:45Z
#LadyPlagio,http://twitter.com/search?q=%23LadyPlagio,NA,%23LadyPlagio,NA,Mexico,23424900,2022-12-27T06:03:56Z,2022-12-16T19:18:45Z
César Montes,http://twitter.com/search?q=%22C%C3%A9sar+Montes%22,NA,%22C%C3%A9sar+Montes%22,NA,Mexico,23424900,2022-12-27T06:03:56Z,2022-12-16T19:18:45Z
Cruyff,http://twitter.com/search?q=Cruyff,NA,Cruyff,NA,Mexico,23424900,2022-12-27T06:03:56Z,2022-12-16T19:18:45Z
Gakpo,http://twitter.com/search?q=Gakpo,NA,Gakpo,154232,Mexico,23424900,2022-12-27T06:03:56Z,2022-12-16T19:18:45Z
Jesús,http://twitter.com/search?q=Jes%C3%BAs,NA,Jes%C3%BAs,486548,Mexico,23424900,2022-12-27T06:03:56Z,2022-12-16T19:18:45Z
Ajusco,http://twitter.com/search?q=Ajusco,NA,Ajusco,NA,Mexico,23424900,2022-12-27T06:03:56Z,2022-12-16T19:18:45Z
Santa Claus,http://twitter.com/search?q=%22Santa+Claus%22,NA,%22Santa+Claus%22,50445,Mexico,23424900,2022-12-27T06:03:56Z,2022-12-16T19:18:45Z
Nevado de Toluca,http://twitter.com/search?q=%22Nevado+de+Toluca%22,NA,%22Nevado+de+Toluca%22,NA,Mexico,23424900,2022-12-27T06:03:56Z,2022-12-16T19:18:45Z
Nketiah,http://twitter.com/search?q=Nketiah,NA,Nketiah,35601,Mexico,23424900,2022-12-27T06:03:56Z,2022-12-16T19:18:45Z
Espanyol,http://twitter.com/search?q=Espanyol,NA,Espanyol,NA,Mexico,23424900,2022-12-27T06:03:56Z,2022-12-16T19:18:45Z
Glass Onion,http://twitter.com/search?q=%22Glass+Onion%22,NA,%22Glass+Onion%22,60531,Mexico,23424900,2022-12-27T06:03:56Z,2022-12-16T19:18:45Z
Broncos,http://twitter.com/search?q=Broncos,NA,Broncos,78066,Mexico,23424900,2022-12-27T06:03:56Z,2022-12-16T19:18:45Z
jungkook,http://twitter.com/search?q=jungkook,NA,jungkook,528589,Mexico,23424900,2022-12-27T06:03:56Z,2022-12-16T19:18:45Z
Georgina,http://twitter.com/search?q=Georgina,NA,Georgina,30476,Mexico,23424900,2022-12-27T06:03:56Z,2022-12-16T19:18:45Z
Pipe,http://twitter.com/search?q=Pipe,NA,Pipe,18179,Mexico,23424900,2022-12-27T06:03:56Z,2022-12-16T19:18:45Z
Lunes 26,http://twitter.com/search?q=%22Lunes+26%22,NA,%22Lunes+26%22,31944,Mexico,23424900,2022-12-27T06:03:56Z,2022-12-16T19:18:45Z
Favorito,http://twitter.com/search?q=Favorito,NA,Favorito,28851,Mexico,23424900,2022-12-27T06:03:56Z,2022-12-16T19:18:45Z
West Ham,http://twitter.com/search?q=%22West+Ham%22,NA,%22West+Ham%22,14502,Mexico,23424900,2022-12-27T06:03:56Z,2022-12-16T19:18:45Z
Corte,http://twitter.com/search?q=Corte,NA,Corte,90000,Mexico,23424900,2022-12-27T06:03:56Z,2022-12-16T19:18:45Z
Báez,http://twitter.com/search?q=B%C3%A1ez,NA,B%C3%A1ez,19238,Mexico,23424900,2022-12-27T06:03:56Z,2022-12-16T19:18:45Z
Dr. Modesto Seara Vázquez,http://twitter.com/search?q=%22Dr.+Modesto+Seara+V%C3%A1zquez%22,NA,%22Dr.+Modesto+Seara+V%C3%A1zquez%22,NA,Mexico,23424900,2022-12-27T06:03:56Z,2022-12-16T19:18:45Z
Martinelli,http://twitter.com/search?q=Martinelli,NA,Martinelli,24878,Mexico,23424900,2022-12-27T06:03:56Z,2022-12-16T19:18:45Z
Harry Potter,http://twitter.com/search?q=%22Harry+Potter%22,NA,%22Harry+Potter%22,28717,Mexico,23424900,2022-12-27T06:03:56Z,2022-12-16T19:18:45Z
Darwin Núñez,http://twitter.com/search?q=%22Darwin+N%C3%BA%C3%B1ez%22,NA,%22Darwin+N%C3%BA%C3%B1ez%22,47096,Mexico,23424900,2022-12-27T06:03:56Z,2022-12-16T19:18:45Z
Newcastle,http://twitter.com/search?q=Newcastle,NA,Newcastle,67333,Mexico,23424900,2022-12-27T06:03:56Z,2022-12-16T19:18:45Z
Nathaniel Hackett,http://twitter.com/search?q=%22Nathaniel+Hackett%22,NA,%22Nathaniel+Hackett%22,23780,Mexico,23424900,2022-12-27T06:03:56Z,2022-12-16T19:18:45Z
Merry Xmas,http://twitter.com/search?q=%22Merry+Xmas%22,NA,%22Merry+Xmas%22,116397,Mexico,23424900,2022-12-27T06:03:56Z,2022-12-16T19:18:45Z
DeLorean,http://twitter.com/search?q=DeLorean,NA,DeLorean,NA,Mexico,23424900,2022-12-27T06:03:56Z,2022-12-16T19:18:45Z
Russell Wilson,http://twitter.com/search?q=%22Russell+Wilson%22,NA,%22Russell+Wilson%22,21993,Mexico,23424900,2022-12-27T06:03:56Z,2022-12-16T19:18:45Z
Liverpool,http://twitter.com/search?q=Liverpool,NA,Liverpool,193795,Mexico,23424900,2022-12-27T06:03:56Z,2022-12-16T19:18:45Z
Tesis,http://twitter.com/search?q=Tesis,NA,Tesis,181493,Mexico,23424900,2022-12-27T06:03:56Z,2022-12-16T19:18:45Z
BIGBANG,http://twitter.com/search?q=BIGBANG,NA,BIGBANG,67393,Mexico,23424900,2022-12-27T06:03:56Z,2022-12-16T19:18:45Z
Curry,http://twitter.com/search?q=Curry,NA,Curry,33350,Mexico,23424900,2022-12-27T06:03:56Z,2022-12-16T19:18:45Z
San Esteban,http://twitter.com/search?q=%22San+Esteban%22,NA,%22San+Esteban%22,NA,Mexico,23424900,2022-12-27T06:03:56Z,2022-12-16T19:18:45Z
Ekeler,http://twitter.com/search?q=Ekeler,NA,Ekeler,NA,Mexico,23424900,2022-12-27T06:03:56Z,2022-12-16T19:18:45Z
La Navidad,http://twitter.com/search?q=%22La+Navidad%22,NA,%22La+Navidad%22,427498,Mexico,23424900,2022-12-27T06:03:56Z,2022-12-16T19:18:45Z
