trend,url,promoted_content,query,tweet_volume,place,woeid,as_of,created_at
#SafeFlightOurAstronaut,http://twitter.com/search?q=%23SafeFlightOurAstronaut,NA,%23SafeFlightOurAstronaut,135604,Mexico,23424900,2022-12-13T00:25:06Z,2022-12-11T00:18:46Z
#FelizLunes,http://twitter.com/search?q=%23FelizLunes,NA,%23FelizLunes,16411,Mexico,23424900,2022-12-13T00:25:06Z,2022-12-11T00:18:46Z
#VirgendeGuadalupe,http://twitter.com/search?q=%23VirgendeGuadalupe,NA,%23VirgendeGuadalupe,10891,Mexico,23424900,2022-12-13T00:25:06Z,2022-12-11T00:18:46Z
Lupitas,http://twitter.com/search?q=Lupitas,NA,Lupitas,NA,Mexico,23424900,2022-12-13T00:25:06Z,2022-12-11T00:18:46Z
#Socialiteen,http://twitter.com/search?q=%23Socialiteen,NA,%23Socialiteen,NA,Mexico,23424900,2022-12-13T00:25:06Z,2022-12-11T00:18:46Z
#GoldenGlobes,http://twitter.com/search?q=%23GoldenGlobes,NA,%23GoldenGlobes,105116,Mexico,23424900,2022-12-13T00:25:06Z,2022-12-11T00:18:46Z
Artista Revelación del Año,http://twitter.com/search?q=%22Artista+Revelaci%C3%B3n+del+A%C3%B1o%22,NA,%22Artista+Revelaci%C3%B3n+del+A%C3%B1o%22,NA,Mexico,23424900,2022-12-13T00:25:06Z,2022-12-11T00:18:46Z
César Ramos,http://twitter.com/search?q=%22C%C3%A9sar+Ramos%22,NA,%22C%C3%A9sar+Ramos%22,NA,Mexico,23424900,2022-12-13T00:25:06Z,2022-12-11T00:18:46Z
Pablo Lyle,http://twitter.com/search?q=%22Pablo+Lyle%22,NA,%22Pablo+Lyle%22,NA,Mexico,23424900,2022-12-13T00:25:06Z,2022-12-11T00:18:46Z
Juan Diego,http://twitter.com/search?q=%22Juan+Diego%22,NA,%22Juan+Diego%22,NA,Mexico,23424900,2022-12-13T00:25:06Z,2022-12-11T00:18:46Z
Alan Navarro,http://twitter.com/search?q=%22Alan+Navarro%22,NA,%22Alan+Navarro%22,NA,Mexico,23424900,2022-12-13T00:25:06Z,2022-12-11T00:18:46Z
Artista Viral del Año,http://twitter.com/search?q=%22Artista+Viral+del+A%C3%B1o%22,NA,%22Artista+Viral+del+A%C3%B1o%22,NA,Mexico,23424900,2022-12-13T00:25:06Z,2022-12-11T00:18:46Z
Diego Luna,http://twitter.com/search?q=%22Diego+Luna%22,NA,%22Diego+Luna%22,NA,Mexico,23424900,2022-12-13T00:25:06Z,2022-12-11T00:18:46Z
Globos de Oro,http://twitter.com/search?q=%22Globos+de+Oro%22,NA,%22Globos+de+Oro%22,NA,Mexico,23424900,2022-12-13T00:25:06Z,2022-12-11T00:18:46Z
Diego Calva,http://twitter.com/search?q=%22Diego+Calva%22,NA,%22Diego+Calva%22,NA,Mexico,23424900,2022-12-13T00:25:06Z,2022-12-11T00:18:46Z
Francia y Marruecos,http://twitter.com/search?q=%22Francia+y+Marruecos%22,NA,%22Francia+y+Marruecos%22,NA,Mexico,23424900,2022-12-13T00:25:06Z,2022-12-11T00:18:46Z
Tepeyac,http://twitter.com/search?q=Tepeyac,NA,Tepeyac,NA,Mexico,23424900,2022-12-13T00:25:06Z,2022-12-11T00:18:46Z
Guadalupana,http://twitter.com/search?q=Guadalupana,NA,Guadalupana,NA,Mexico,23424900,2022-12-13T00:25:06Z,2022-12-11T00:18:46Z
Eugenia,http://twitter.com/search?q=Eugenia,NA,Eugenia,NA,Mexico,23424900,2022-12-13T00:25:06Z,2022-12-11T00:18:46Z
The 10,http://twitter.com/search?q=%22The+10%22,NA,%22The+10%22,548156,Mexico,23424900,2022-12-13T00:25:06Z,2022-12-11T00:18:46Z
Copa Sky,http://twitter.com/search?q=%22Copa+Sky%22,NA,%22Copa+Sky%22,NA,Mexico,23424900,2022-12-13T00:25:06Z,2022-12-11T00:18:46Z
sabrina,http://twitter.com/search?q=sabrina,NA,sabrina,29773,Mexico,23424900,2022-12-13T00:25:06Z,2022-12-11T00:18:46Z
Américas,http://twitter.com/search?q=Am%C3%A9ricas,NA,Am%C3%A9ricas,17086,Mexico,23424900,2022-12-13T00:25:06Z,2022-12-11T00:18:46Z
Itatí Cantoral,http://twitter.com/search?q=%22Itat%C3%AD+Cantoral%22,NA,%22Itat%C3%AD+Cantoral%22,NA,Mexico,23424900,2022-12-13T00:25:06Z,2022-12-11T00:18:46Z
Muñoz Ledo,http://twitter.com/search?q=%22Mu%C3%B1oz+Ledo%22,NA,%22Mu%C3%B1oz+Ledo%22,10104,Mexico,23424900,2022-12-13T00:25:06Z,2022-12-11T00:18:46Z
Lunes 12,http://twitter.com/search?q=%22Lunes+12%22,NA,%22Lunes+12%22,33002,Mexico,23424900,2022-12-13T00:25:06Z,2022-12-11T00:18:46Z
Villa,http://twitter.com/search?q=Villa,NA,Villa,37104,Mexico,23424900,2022-12-13T00:25:06Z,2022-12-11T00:18:46Z
Ricardo Anaya,http://twitter.com/search?q=%22Ricardo+Anaya%22,NA,%22Ricardo+Anaya%22,NA,Mexico,23424900,2022-12-13T00:25:06Z,2022-12-11T00:18:46Z
El 12,http://twitter.com/search?q=%22El+12%22,NA,%22El+12%22,253064,Mexico,23424900,2022-12-13T00:25:06Z,2022-12-11T00:18:46Z
Juan Dieguito,http://twitter.com/search?q=%22Juan+Dieguito%22,NA,%22Juan+Dieguito%22,NA,Mexico,23424900,2022-12-13T00:25:06Z,2022-12-11T00:18:46Z
Hipócrita,http://twitter.com/search?q=Hip%C3%B3crita,NA,Hip%C3%B3crita,17498,Mexico,23424900,2022-12-13T00:25:06Z,2022-12-11T00:18:46Z
Vicente Fernández,http://twitter.com/search?q=%22Vicente+Fern%C3%A1ndez%22,NA,%22Vicente+Fern%C3%A1ndez%22,NA,Mexico,23424900,2022-12-13T00:25:06Z,2022-12-11T00:18:46Z
Joshua,http://twitter.com/search?q=Joshua,NA,Joshua,73418,Mexico,23424900,2022-12-13T00:25:06Z,2022-12-11T00:18:46Z
Elon,http://twitter.com/search?q=Elon,NA,Elon,860894,Mexico,23424900,2022-12-13T00:25:06Z,2022-12-11T00:18:46Z
Gibrán,http://twitter.com/search?q=Gibr%C3%A1n,NA,Gibr%C3%A1n,28212,Mexico,23424900,2022-12-13T00:25:06Z,2022-12-11T00:18:46Z
Santo,http://twitter.com/search?q=Santo,NA,Santo,29762,Mexico,23424900,2022-12-13T00:25:06Z,2022-12-11T00:18:46Z
Musk,http://twitter.com/search?q=Musk,NA,Musk,743894,Mexico,23424900,2022-12-13T00:25:06Z,2022-12-11T00:18:46Z
#farewelljin,http://twitter.com/search?q=%23farewelljin,NA,%23farewelljin,85754,Mexico,23424900,2022-12-13T00:25:06Z,2022-12-11T00:18:46Z
#석진이_없어도_울지않고_기다릴게,http://twitter.com/search?q=%23%EC%84%9D%EC%A7%84%EC%9D%B4_%EC%97%86%EC%96%B4%EB%8F%84_%EC%9A%B8%EC%A7%80%EC%95%8A%EA%B3%A0_%EA%B8%B0%EB%8B%A4%EB%A6%B4%EA%B2%8C,NA,%23%EC%84%9D%EC%A7%84%EC%9D%B4_%EC%97%86%EC%96%B4%EB%8F%84_%EC%9A%B8%EC%A7%80%EC%95%8A%EA%B3%A0_%EA%B8%B0%EB%8B%A4%EB%A6%B4%EA%B2%8C,94264,Mexico,23424900,2022-12-13T00:25:06Z,2022-12-11T00:18:46Z
#WeWillWaitForYouJin,http://twitter.com/search?q=%23WeWillWaitForYouJin,NA,%23WeWillWaitForYouJin,62103,Mexico,23424900,2022-12-13T00:25:06Z,2022-12-11T00:18:46Z
#PoderosoYaTúSabe,http://twitter.com/search?q=%23PoderosoYaT%C3%BASabe,NA,%23PoderosoYaT%C3%BASabe,NA,Mexico,23424900,2022-12-13T00:25:06Z,2022-12-11T00:18:46Z
#MNFPlaydoit,http://twitter.com/search?q=%23MNFPlaydoit,NA,%23MNFPlaydoit,NA,Mexico,23424900,2022-12-13T00:25:06Z,2022-12-11T00:18:46Z
#12deDiciembre,http://twitter.com/search?q=%2312deDiciembre,NA,%2312deDiciembre,NA,Mexico,23424900,2022-12-13T00:25:06Z,2022-12-11T00:18:46Z
#QuieroCantarEnLaFinal,http://twitter.com/search?q=%23QuieroCantarEnLaFinal,NA,%23QuieroCantarEnLaFinal,NA,Mexico,23424900,2022-12-13T00:25:06Z,2022-12-11T00:18:46Z
#MilagroMañanero,http://twitter.com/search?q=%23MilagroMa%C3%B1anero,NA,%23MilagroMa%C3%B1anero,NA,Mexico,23424900,2022-12-13T00:25:06Z,2022-12-11T00:18:46Z
#LunesDeMotivacion,http://twitter.com/search?q=%23LunesDeMotivacion,NA,%23LunesDeMotivacion,NA,Mexico,23424900,2022-12-13T00:25:06Z,2022-12-11T00:18:46Z
#WeLoveYouJin,http://twitter.com/search?q=%23WeLoveYouJin,NA,%23WeLoveYouJin,30960,Mexico,23424900,2022-12-13T00:25:06Z,2022-12-11T00:18:46Z
#10words,http://twitter.com/search?q=%2310words,NA,%2310words,NA,Mexico,23424900,2022-12-13T00:25:06Z,2022-12-11T00:18:46Z
#FelizInicioDeSemana,http://twitter.com/search?q=%23FelizInicioDeSemana,NA,%23FelizInicioDeSemana,NA,Mexico,23424900,2022-12-13T00:25:06Z,2022-12-11T00:18:46Z
#toasteed,http://twitter.com/search?q=%23toasteed,NA,%23toasteed,NA,Mexico,23424900,2022-12-13T00:25:06Z,2022-12-11T00:18:46Z
