trend,url,promoted_content,query,tweet_volume,place,woeid,as_of,created_at
#DiaDeLosInocentes,http://twitter.com/search?q=%23DiaDeLosInocentes,NA,%23DiaDeLosInocentes,18103,Mexico,23424900,2022-12-29T02:47:28Z,2022-12-27T21:01:57Z
#RewindHispano2022,http://twitter.com/search?q=%23RewindHispano2022,NA,%23RewindHispano2022,10219,Mexico,23424900,2022-12-29T02:47:28Z,2022-12-27T21:01:57Z
Derek Carr,http://twitter.com/search?q=%22Derek+Carr%22,NA,%22Derek+Carr%22,17548,Mexico,23424900,2022-12-29T02:47:28Z,2022-12-27T21:01:57Z
Greta,http://twitter.com/search?q=Greta,NA,Greta,87256,Mexico,23424900,2022-12-29T02:47:28Z,2022-12-27T21:01:57Z
#RaiderNation,http://twitter.com/search?q=%23RaiderNation,NA,%23RaiderNation,NA,Mexico,23424900,2022-12-29T02:47:28Z,2022-12-27T21:01:57Z
#AlwaysHereForSana,http://twitter.com/search?q=%23AlwaysHereForSana,NA,%23AlwaysHereForSana,118362,Mexico,23424900,2022-12-29T02:47:28Z,2022-12-27T21:01:57Z
Quackity,http://twitter.com/search?q=Quackity,NA,Quackity,112440,Mexico,23424900,2022-12-29T02:47:28Z,2022-12-27T21:01:57Z
Benedicto XVI,http://twitter.com/search?q=%22Benedicto+XVI%22,NA,%22Benedicto+XVI%22,15757,Mexico,23424900,2022-12-29T02:47:28Z,2022-12-27T21:01:57Z
#겨울에_태어난_원스들의_샛별이,http://twitter.com/search?q=%23%EA%B2%A8%EC%9A%B8%EC%97%90_%ED%83%9C%EC%96%B4%EB%82%9C_%EC%9B%90%EC%8A%A4%EB%93%A4%EC%9D%98_%EC%83%9B%EB%B3%84%EC%9D%B4,NA,%23%EA%B2%A8%EC%9A%B8%EC%97%90_%ED%83%9C%EC%96%B4%EB%82%9C_%EC%9B%90%EC%8A%A4%EB%93%A4%EC%9D%98_%EC%83%9B%EB%B3%84%EC%9D%B4,116442,Mexico,23424900,2022-12-29T02:47:28Z,2022-12-27T21:01:57Z
Lord Molécula,http://twitter.com/search?q=%22Lord+Mol%C3%A9cula%22,NA,%22Lord+Mol%C3%A9cula%22,NA,Mexico,23424900,2022-12-29T02:47:28Z,2022-12-27T21:01:57Z
Stan Lee,http://twitter.com/search?q=%22Stan+Lee%22,NA,%22Stan+Lee%22,37939,Mexico,23424900,2022-12-29T02:47:28Z,2022-12-27T21:01:57Z
Feliz 28,http://twitter.com/search?q=%22Feliz+28%22,NA,%22Feliz+28%22,NA,Mexico,23424900,2022-12-29T02:47:28Z,2022-12-27T21:01:57Z
Alec,http://twitter.com/search?q=Alec,NA,Alec,NA,Mexico,23424900,2022-12-29T02:47:28Z,2022-12-27T21:01:57Z
Andrew Tate,http://twitter.com/search?q=%22Andrew+Tate%22,NA,%22Andrew+Tate%22,65751,Mexico,23424900,2022-12-29T02:47:28Z,2022-12-27T21:01:57Z
Herodes,http://twitter.com/search?q=Herodes,NA,Herodes,12615,Mexico,23424900,2022-12-29T02:47:28Z,2022-12-27T21:01:57Z
JUNGKOOK K-SOLOIST OF 2022,http://twitter.com/search?q=%22JUNGKOOK+K-SOLOIST+OF+2022%22,NA,%22JUNGKOOK+K-SOLOIST+OF+2022%22,61525,Mexico,23424900,2022-12-29T02:47:28Z,2022-12-27T21:01:57Z
Reddit,http://twitter.com/search?q=Reddit,NA,Reddit,71898,Mexico,23424900,2022-12-29T02:47:28Z,2022-12-27T21:01:57Z
Amanda Miguel,http://twitter.com/search?q=%22Amanda+Miguel%22,NA,%22Amanda+Miguel%22,NA,Mexico,23424900,2022-12-29T02:47:28Z,2022-12-27T21:01:57Z
Es 28,http://twitter.com/search?q=%22Es+28%22,NA,%22Es+28%22,69691,Mexico,23424900,2022-12-29T02:47:28Z,2022-12-27T21:01:57Z
Hoy 28,http://twitter.com/search?q=%22Hoy+28%22,NA,%22Hoy+28%22,32521,Mexico,23424900,2022-12-29T02:47:28Z,2022-12-27T21:01:57Z
Chucho,http://twitter.com/search?q=Chucho,NA,Chucho,NA,Mexico,23424900,2022-12-29T02:47:28Z,2022-12-27T21:01:57Z
Belanova,http://twitter.com/search?q=Belanova,NA,Belanova,NA,Mexico,23424900,2022-12-29T02:47:28Z,2022-12-27T21:01:57Z
Papa,http://twitter.com/search?q=Papa,NA,Papa,172856,Mexico,23424900,2022-12-29T02:47:28Z,2022-12-27T21:01:57Z
Ibai,http://twitter.com/search?q=Ibai,NA,Ibai,NA,Mexico,23424900,2022-12-29T02:47:28Z,2022-12-27T21:01:57Z
El 28,http://twitter.com/search?q=%22El+28%22,NA,%22El+28%22,110456,Mexico,23424900,2022-12-29T02:47:28Z,2022-12-27T21:01:57Z
The Economist,http://twitter.com/search?q=%22The+Economist%22,NA,%22The+Economist%22,13650,Mexico,23424900,2022-12-29T02:47:28Z,2022-12-27T21:01:57Z
Yeri Mua,http://twitter.com/search?q=%22Yeri+Mua%22,NA,%22Yeri+Mua%22,13411,Mexico,23424900,2022-12-29T02:47:28Z,2022-12-27T21:01:57Z
Iglesia,http://twitter.com/search?q=Iglesia,NA,Iglesia,21938,Mexico,23424900,2022-12-29T02:47:28Z,2022-12-27T21:01:57Z
Puerto Rico,http://twitter.com/search?q=%22Puerto+Rico%22,NA,%22Puerto+Rico%22,16175,Mexico,23424900,2022-12-29T02:47:28Z,2022-12-27T21:01:57Z
#FelizMiercoles,http://twitter.com/search?q=%23FelizMiercoles,NA,%23FelizMiercoles,17967,Mexico,23424900,2022-12-29T02:47:28Z,2022-12-27T21:01:57Z
#NoProhíbasGatell,http://twitter.com/search?q=%23NoProh%C3%ADbasGatell,NA,%23NoProh%C3%ADbasGatell,NA,Mexico,23424900,2022-12-29T02:47:28Z,2022-12-27T21:01:57Z
#28dediciembre,http://twitter.com/search?q=%2328dediciembre,NA,%2328dediciembre,NA,Mexico,23424900,2022-12-29T02:47:28Z,2022-12-27T21:01:57Z
#JungkookMadeHistory,http://twitter.com/search?q=%23JungkookMadeHistory,NA,%23JungkookMadeHistory,59918,Mexico,23424900,2022-12-29T02:47:28Z,2022-12-27T21:01:57Z
#SKZFLIX,http://twitter.com/search?q=%23SKZFLIX,NA,%23SKZFLIX,80909,Mexico,23424900,2022-12-29T02:47:28Z,2022-12-27T21:01:57Z
#AIFA,http://twitter.com/search?q=%23AIFA,NA,%23AIFA,NA,Mexico,23424900,2022-12-29T02:47:28Z,2022-12-27T21:01:57Z
#스트레이키즈,http://twitter.com/search?q=%23%EC%8A%A4%ED%8A%B8%EB%A0%88%EC%9D%B4%ED%82%A4%EC%A6%88,NA,%23%EC%8A%A4%ED%8A%B8%EB%A0%88%EC%9D%B4%ED%82%A4%EC%A6%88,131389,Mexico,23424900,2022-12-29T02:47:28Z,2022-12-27T21:01:57Z
#JusticiaParaJorge,http://twitter.com/search?q=%23JusticiaParaJorge,NA,%23JusticiaParaJorge,NA,Mexico,23424900,2022-12-29T02:47:28Z,2022-12-27T21:01:57Z
#EsClaudiaDelincuenteElectoral,http://twitter.com/search?q=%23EsClaudiaDelincuenteElectoral,NA,%23EsClaudiaDelincuenteElectoral,NA,Mexico,23424900,2022-12-29T02:47:28Z,2022-12-27T21:01:57Z
