trend,url,promoted_content,query,tweet_volume,place,woeid,as_of,created_at
#CashAppGiftCards,http://twitter.com/search?q=%23CashAppGiftCards,NA,%23CashAppGiftCards,NA,Worldwide,1,2022-12-21T00:45:06Z,2022-12-18T17:01:37Z
#TerbiyesizOnurErim,http://twitter.com/search?q=%23TerbiyesizOnurErim,NA,%23TerbiyesizOnurErim,NA,Worldwide,1,2022-12-21T00:45:06Z,2022-12-18T17:01:37Z
#جديد_المجد,http://twitter.com/search?q=%23%D8%AC%D8%AF%D9%8A%D8%AF_%D8%A7%D9%84%D9%85%D8%AC%D8%AF,NA,%23%D8%AC%D8%AF%D9%8A%D8%AF_%D8%A7%D9%84%D9%85%D8%AC%D8%AF,NA,Worldwide,1,2022-12-21T00:45:06Z,2022-12-18T17:01:37Z
ElonMusk Osurdu,http://twitter.com/search?q=%22ElonMusk+Osurdu%22,NA,%22ElonMusk+Osurdu%22,NA,Worldwide,1,2022-12-21T00:45:06Z,2022-12-18T17:01:37Z
#MyYearOnXbox,http://twitter.com/search?q=%23MyYearOnXbox,NA,%23MyYearOnXbox,NA,Worldwide,1,2022-12-21T00:45:06Z,2022-12-18T17:01:37Z
Crespo,http://twitter.com/search?q=Crespo,NA,Crespo,NA,Worldwide,1,2022-12-21T00:45:06Z,2022-12-18T17:01:37Z
#MebSusma100biniAçıkla,http://twitter.com/search?q=%23MebSusma100biniA%C3%A7%C4%B1kla,NA,%23MebSusma100biniA%C3%A7%C4%B1kla,193644,Worldwide,1,2022-12-21T00:45:06Z,2022-12-18T17:01:37Z
Wells Fargo,http://twitter.com/search?q=%22Wells+Fargo%22,NA,%22Wells+Fargo%22,12985,Worldwide,1,2022-12-21T00:45:06Z,2022-12-18T17:01:37Z
Ochoa,http://twitter.com/search?q=Ochoa,NA,Ochoa,13166,Worldwide,1,2022-12-21T00:45:06Z,2022-12-18T17:01:37Z
King,http://twitter.com/search?q=King,NA,King,532980,Worldwide,1,2022-12-21T00:45:06Z,2022-12-18T17:01:37Z
Mat Ishbia,http://twitter.com/search?q=%22Mat+Ishbia%22,NA,%22Mat+Ishbia%22,NA,Worldwide,1,2022-12-21T00:45:06Z,2022-12-18T17:01:37Z
TWICE 2ND ENGLISH SINGLE,http://twitter.com/search?q=%22TWICE+2ND+ENGLISH+SINGLE%22,NA,%22TWICE+2ND+ENGLISH+SINGLE%22,64381,Worldwide,1,2022-12-21T00:45:06Z,2022-12-18T17:01:37Z
Şahan Villa,http://twitter.com/search?q=%22%C5%9Eahan+Villa%22,NA,%22%C5%9Eahan+Villa%22,NA,Worldwide,1,2022-12-21T00:45:06Z,2022-12-18T17:01:37Z
Buenos Aires,http://twitter.com/search?q=%22Buenos+Aires%22,NA,%22Buenos+Aires%22,167386,Worldwide,1,2022-12-21T00:45:06Z,2022-12-18T17:01:37Z
El Mencho,http://twitter.com/search?q=%22El+Mencho%22,NA,%22El+Mencho%22,NA,Worldwide,1,2022-12-21T00:45:06Z,2022-12-18T17:01:37Z
Matt Carpenter,http://twitter.com/search?q=%22Matt+Carpenter%22,NA,%22Matt+Carpenter%22,NA,Worldwide,1,2022-12-21T00:45:06Z,2022-12-18T17:01:37Z
Lacey Evans,http://twitter.com/search?q=%22Lacey+Evans%22,NA,%22Lacey+Evans%22,NA,Worldwide,1,2022-12-21T00:45:06Z,2022-12-18T17:01:37Z
Usher,http://twitter.com/search?q=Usher,NA,Usher,NA,Worldwide,1,2022-12-21T00:45:06Z,2022-12-18T17:01:37Z
Rabat,http://twitter.com/search?q=Rabat,NA,Rabat,11909,Worldwide,1,2022-12-21T00:45:06Z,2022-12-18T17:01:37Z
متجر المجد,http://twitter.com/search?q=%22%D9%85%D8%AA%D8%AC%D8%B1+%D8%A7%D9%84%D9%85%D8%AC%D8%AF%22,NA,%22%D9%85%D8%AA%D8%AC%D8%B1+%D8%A7%D9%84%D9%85%D8%AC%D8%AF%22,NA,Worldwide,1,2022-12-21T00:45:06Z,2022-12-18T17:01:37Z
Otamendi,http://twitter.com/search?q=Otamendi,NA,Otamendi,43670,Worldwide,1,2022-12-21T00:45:06Z,2022-12-18T17:01:37Z
RAPPER BOBBY BIRTHDAY,http://twitter.com/search?q=%22RAPPER+BOBBY+BIRTHDAY%22,NA,%22RAPPER+BOBBY+BIRTHDAY%22,22324,Worldwide,1,2022-12-21T00:45:06Z,2022-12-18T17:01:37Z
ماستر اوف,http://twitter.com/search?q=%22%D9%85%D8%A7%D8%B3%D8%AA%D8%B1+%D8%A7%D9%88%D9%81%22,NA,%22%D9%85%D8%A7%D8%B3%D8%AA%D8%B1+%D8%A7%D9%88%D9%81%22,NA,Worldwide,1,2022-12-21T00:45:06Z,2022-12-18T17:01:37Z
Isco,http://twitter.com/search?q=Isco,NA,Isco,NA,Worldwide,1,2022-12-21T00:45:06Z,2022-12-18T17:01:37Z
General Paz,http://twitter.com/search?q=%22General+Paz%22,NA,%22General+Paz%22,NA,Worldwide,1,2022-12-21T00:45:06Z,2022-12-18T17:01:37Z
Ivan Toney,http://twitter.com/search?q=%22Ivan+Toney%22,NA,%22Ivan+Toney%22,NA,Worldwide,1,2022-12-21T00:45:06Z,2022-12-18T17:01:37Z
زيزو,http://twitter.com/search?q=%D8%B2%D9%8A%D8%B2%D9%88,NA,%D8%B2%D9%8A%D8%B2%D9%88,NA,Worldwide,1,2022-12-21T00:45:06Z,2022-12-18T17:01:37Z
色の見え方,http://twitter.com/search?q=%E8%89%B2%E3%81%AE%E8%A6%8B%E3%81%88%E6%96%B9,NA,%E8%89%B2%E3%81%AE%E8%A6%8B%E3%81%88%E6%96%B9,NA,Worldwide,1,2022-12-21T00:45:06Z,2022-12-18T17:01:37Z
Spectacular Spider-Man,http://twitter.com/search?q=%22Spectacular+Spider-Man%22,NA,%22Spectacular+Spider-Man%22,10050,Worldwide,1,2022-12-21T00:45:06Z,2022-12-18T17:01:37Z
اوليه شيكا,http://twitter.com/search?q=%22%D8%A7%D9%88%D9%84%D9%8A%D9%87+%D8%B4%D9%8A%D9%83%D8%A7%22,NA,%22%D8%A7%D9%88%D9%84%D9%8A%D9%87+%D8%B4%D9%8A%D9%83%D8%A7%22,NA,Worldwide,1,2022-12-21T00:45:06Z,2022-12-18T17:01:37Z
あなたの年齢,http://twitter.com/search?q=%E3%81%82%E3%81%AA%E3%81%9F%E3%81%AE%E5%B9%B4%E9%BD%A2,NA,%E3%81%82%E3%81%AA%E3%81%9F%E3%81%AE%E5%B9%B4%E9%BD%A2,NA,Worldwide,1,2022-12-21T00:45:06Z,2022-12-18T17:01:37Z
Kobeni,http://twitter.com/search?q=Kobeni,NA,Kobeni,19592,Worldwide,1,2022-12-21T00:45:06Z,2022-12-18T17:01:37Z
Binali Yıldırım,http://twitter.com/search?q=%22Binali+Y%C4%B1ld%C4%B1r%C4%B1m%22,NA,%22Binali+Y%C4%B1ld%C4%B1r%C4%B1m%22,NA,Worldwide,1,2022-12-21T00:45:06Z,2022-12-18T17:01:37Z
Casa Rosada,http://twitter.com/search?q=%22Casa+Rosada%22,NA,%22Casa+Rosada%22,75220,Worldwide,1,2022-12-21T00:45:06Z,2022-12-18T17:01:37Z
Batshuayi,http://twitter.com/search?q=Batshuayi,NA,Batshuayi,NA,Worldwide,1,2022-12-21T00:45:06Z,2022-12-18T17:01:37Z
Antonio Oseguera Cervantes,http://twitter.com/search?q=%22Antonio+Oseguera+Cervantes%22,NA,%22Antonio+Oseguera+Cervantes%22,NA,Worldwide,1,2022-12-21T00:45:06Z,2022-12-18T17:01:37Z
Léo Pelé,http://twitter.com/search?q=%22L%C3%A9o+Pel%C3%A9%22,NA,%22L%C3%A9o+Pel%C3%A9%22,14008,Worldwide,1,2022-12-21T00:45:06Z,2022-12-18T17:01:37Z
Gümüşhane Halka Tatlısı,http://twitter.com/search?q=%22G%C3%BCm%C3%BC%C5%9Fhane+Halka+Tatl%C4%B1s%C4%B1%22,NA,%22G%C3%BCm%C3%BC%C5%9Fhane+Halka+Tatl%C4%B1s%C4%B1%22,NA,Worldwide,1,2022-12-21T00:45:06Z,2022-12-18T17:01:37Z
CABA,http://twitter.com/search?q=CABA,NA,CABA,38514,Worldwide,1,2022-12-21T00:45:06Z,2022-12-18T17:01:37Z
Kabir Is God,http://twitter.com/search?q=%22Kabir+Is+God%22,NA,%22Kabir+Is+God%22,376852,Worldwide,1,2022-12-21T00:45:06Z,2022-12-18T17:01:37Z
Gral Paz,http://twitter.com/search?q=%22Gral+Paz%22,NA,%22Gral+Paz%22,NA,Worldwide,1,2022-12-21T00:45:06Z,2022-12-18T17:01:37Z
SNCF,http://twitter.com/search?q=SNCF,NA,SNCF,13532,Worldwide,1,2022-12-21T00:45:06Z,2022-12-18T17:01:37Z
The Taliban,http://twitter.com/search?q=%22The+Taliban%22,NA,%22The+Taliban%22,16066,Worldwide,1,2022-12-21T00:45:06Z,2022-12-18T17:01:37Z
第334回,http://twitter.com/search?q=%E7%AC%AC334%E5%9B%9E,NA,%E7%AC%AC334%E5%9B%9E,NA,Worldwide,1,2022-12-21T00:45:06Z,2022-12-18T17:01:37Z
Mercado Central,http://twitter.com/search?q=%22Mercado+Central%22,NA,%22Mercado+Central%22,NA,Worldwide,1,2022-12-21T00:45:06Z,2022-12-18T17:01:37Z
Salt Bae,http://twitter.com/search?q=%22Salt+Bae%22,NA,%22Salt+Bae%22,27281,Worldwide,1,2022-12-21T00:45:06Z,2022-12-18T17:01:37Z
Salernitana,http://twitter.com/search?q=Salernitana,NA,Salernitana,NA,Worldwide,1,2022-12-21T00:45:06Z,2022-12-18T17:01:37Z
未来最高,http://twitter.com/search?q=%E6%9C%AA%E6%9D%A5%E6%9C%80%E9%AB%98,NA,%E6%9C%AA%E6%9D%A5%E6%9C%80%E9%AB%98,13075,Worldwide,1,2022-12-21T00:45:06Z,2022-12-18T17:01:37Z
CJNG,http://twitter.com/search?q=CJNG,NA,CJNG,NA,Worldwide,1,2022-12-21T00:45:06Z,2022-12-18T17:01:37Z
Sarver,http://twitter.com/search?q=Sarver,NA,Sarver,NA,Worldwide,1,2022-12-21T00:45:06Z,2022-12-18T17:01:37Z
