trend,url,promoted_content,query,tweet_volume,place,woeid,as_of,created_at
Rashford,http://twitter.com/search?q=Rashford,NA,Rashford,64266,Worldwide,1,2023-01-07T05:00:39Z,2023-01-05T22:57:30Z
#MUNEVE,http://twitter.com/search?q=%23MUNEVE,NA,%23MUNEVE,19093,Worldwide,1,2023-01-07T05:00:39Z,2023-01-05T22:57:30Z
De Gea,http://twitter.com/search?q=%22De+Gea%22,NA,%22De+Gea%22,34595,Worldwide,1,2023-01-07T05:00:39Z,2023-01-05T22:57:30Z
Antony,http://twitter.com/search?q=Antony,NA,Antony,43629,Worldwide,1,2023-01-07T05:00:39Z,2023-01-05T22:57:30Z
Everton,http://twitter.com/search?q=Everton,NA,Everton,79310,Worldwide,1,2023-01-07T05:00:39Z,2023-01-05T22:57:30Z
#TCMSReyes,http://twitter.com/search?q=%23TCMSReyes,NA,%23TCMSReyes,NA,Worldwide,1,2023-01-07T05:00:39Z,2023-01-05T22:57:30Z
#FACup,http://twitter.com/search?q=%23FACup,NA,%23FACup,37464,Worldwide,1,2023-01-07T05:00:39Z,2023-01-05T22:57:30Z
Martial,http://twitter.com/search?q=Martial,NA,Martial,23109,Worldwide,1,2023-01-07T05:00:39Z,2023-01-05T22:57:30Z
#MUFC,http://twitter.com/search?q=%23MUFC,NA,%23MUFC,105788,Worldwide,1,2023-01-07T05:00:39Z,2023-01-05T22:57:30Z
Chris Evans,http://twitter.com/search?q=%22Chris+Evans%22,NA,%22Chris+Evans%22,NA,Worldwide,1,2023-01-07T05:00:39Z,2023-01-05T22:57:30Z
#YalıÇapkını,http://twitter.com/search?q=%23Yal%C4%B1%C3%87apk%C4%B1n%C4%B1,NA,%23Yal%C4%B1%C3%87apk%C4%B1n%C4%B1,85447,Worldwide,1,2023-01-07T05:00:39Z,2023-01-05T22:57:30Z
AND MY PLEASURE,http://twitter.com/search?q=%22AND+MY+PLEASURE%22,NA,%22AND+MY+PLEASURE%22,88081,Worldwide,1,2023-01-07T05:00:39Z,2023-01-05T22:57:30Z
Iwobi,http://twitter.com/search?q=Iwobi,NA,Iwobi,NA,Worldwide,1,2023-01-07T05:00:39Z,2023-01-05T22:57:30Z
Capitol,http://twitter.com/search?q=Capitol,NA,Capitol,353223,Worldwide,1,2023-01-07T05:00:39Z,2023-01-05T22:57:30Z
Coady,http://twitter.com/search?q=Coady,NA,Coady,NA,Worldwide,1,2023-01-07T05:00:39Z,2023-01-05T22:57:30Z
Ashli Babbitt,http://twitter.com/search?q=%22Ashli+Babbitt%22,NA,%22Ashli+Babbitt%22,106570,Worldwide,1,2023-01-07T05:00:39Z,2023-01-05T22:57:30Z
Malacia,http://twitter.com/search?q=Malacia,NA,Malacia,NA,Worldwide,1,2023-01-07T05:00:39Z,2023-01-05T22:57:30Z
Onana,http://twitter.com/search?q=Onana,NA,Onana,NA,Worldwide,1,2023-01-07T05:00:39Z,2023-01-05T22:57:30Z
Garnacho,http://twitter.com/search?q=Garnacho,NA,Garnacho,NA,Worldwide,1,2023-01-07T05:00:39Z,2023-01-05T22:57:30Z
Gray,http://twitter.com/search?q=Gray,NA,Gray,44168,Worldwide,1,2023-01-07T05:00:39Z,2023-01-05T22:57:30Z
Soler,http://twitter.com/search?q=Soler,NA,Soler,NA,Worldwide,1,2023-01-07T05:00:39Z,2023-01-05T22:57:30Z
Mestalla,http://twitter.com/search?q=Mestalla,NA,Mestalla,NA,Worldwide,1,2023-01-07T05:00:39Z,2023-01-05T22:57:30Z
Sarabia,http://twitter.com/search?q=Sarabia,NA,Sarabia,NA,Worldwide,1,2023-01-07T05:00:39Z,2023-01-05T22:57:30Z
eleanor,http://twitter.com/search?q=eleanor,NA,eleanor,18979,Worldwide,1,2023-01-07T05:00:39Z,2023-01-05T22:57:30Z
Cádiz,http://twitter.com/search?q=C%C3%A1diz,NA,C%C3%A1diz,18594,Worldwide,1,2023-01-07T05:00:39Z,2023-01-05T22:57:30Z
Roy Keane,http://twitter.com/search?q=%22Roy+Keane%22,NA,%22Roy+Keane%22,NA,Worldwide,1,2023-01-07T05:00:39Z,2023-01-05T22:57:30Z
Gharbi,http://twitter.com/search?q=Gharbi,NA,Gharbi,NA,Worldwide,1,2023-01-07T05:00:39Z,2023-01-05T22:57:30Z
Godfrey,http://twitter.com/search?q=Godfrey,NA,Godfrey,NA,Worldwide,1,2023-01-07T05:00:39Z,2023-01-05T22:57:30Z
Lampard,http://twitter.com/search?q=Lampard,NA,Lampard,10703,Worldwide,1,2023-01-07T05:00:39Z,2023-01-05T22:57:30Z
Zekatla Bereketlensin,http://twitter.com/search?q=%22Zekatla+Bereketlensin%22,NA,%22Zekatla+Bereketlensin%22,NA,Worldwide,1,2023-01-07T05:00:39Z,2023-01-05T22:57:30Z
Châteauroux,http://twitter.com/search?q=Ch%C3%A2teauroux,NA,Ch%C3%A2teauroux,20517,Worldwide,1,2023-01-07T05:00:39Z,2023-01-05T22:57:30Z
Alba,http://twitter.com/search?q=Alba,NA,Alba,28395,Worldwide,1,2023-01-07T05:00:39Z,2023-01-05T22:57:30Z
راشفورد,http://twitter.com/search?q=%D8%B1%D8%A7%D8%B4%D9%81%D9%88%D8%B1%D8%AF,NA,%D8%B1%D8%A7%D8%B4%D9%81%D9%88%D8%B1%D8%AF,NA,Worldwide,1,2023-01-07T05:00:39Z,2023-01-05T22:57:30Z
Rashy,http://twitter.com/search?q=Rashy,NA,Rashy,NA,Worldwide,1,2023-01-07T05:00:39Z,2023-01-05T22:57:30Z
Jessie J,http://twitter.com/search?q=%22Jessie+J%22,NA,%22Jessie+J%22,NA,Worldwide,1,2023-01-07T05:00:39Z,2023-01-05T22:57:30Z
Farrell,http://twitter.com/search?q=Farrell,NA,Farrell,NA,Worldwide,1,2023-01-07T05:00:39Z,2023-01-05T22:57:30Z
Carlos Alcaraz,http://twitter.com/search?q=%22Carlos+Alcaraz%22,NA,%22Carlos+Alcaraz%22,NA,Worldwide,1,2023-01-07T05:00:39Z,2023-01-05T22:57:30Z
Lee Dixon,http://twitter.com/search?q=%22Lee+Dixon%22,NA,%22Lee+Dixon%22,NA,Worldwide,1,2023-01-07T05:00:39Z,2023-01-05T22:57:30Z
General Flynn,http://twitter.com/search?q=%22General+Flynn%22,NA,%22General+Flynn%22,NA,Worldwide,1,2023-01-07T05:00:39Z,2023-01-05T22:57:30Z
Varane,http://twitter.com/search?q=Varane,NA,Varane,NA,Worldwide,1,2023-01-07T05:00:39Z,2023-01-05T22:57:30Z
Karnal,http://twitter.com/search?q=Karnal,NA,Karnal,NA,Worldwide,1,2023-01-07T05:00:39Z,2023-01-05T22:57:30Z
Vince,http://twitter.com/search?q=Vince,NA,Vince,73528,Worldwide,1,2023-01-07T05:00:39Z,2023-01-05T22:57:30Z
Başınız,http://twitter.com/search?q=Ba%C5%9F%C4%B1n%C4%B1z,NA,Ba%C5%9F%C4%B1n%C4%B1z,NA,Worldwide,1,2023-01-07T05:00:39Z,2023-01-05T22:57:30Z
July the 6th,http://twitter.com/search?q=%22July+the+6th%22,NA,%22July+the+6th%22,NA,Worldwide,1,2023-01-07T05:00:39Z,2023-01-05T22:57:30Z
I WILL SURVIVE,http://twitter.com/search?q=%22I+WILL+SURVIVE%22,NA,%22I+WILL+SURVIVE%22,NA,Worldwide,1,2023-01-07T05:00:39Z,2023-01-05T22:57:30Z
Bernat,http://twitter.com/search?q=Bernat,NA,Bernat,NA,Worldwide,1,2023-01-07T05:00:39Z,2023-01-05T22:57:30Z
Gattuso,http://twitter.com/search?q=Gattuso,NA,Gattuso,NA,Worldwide,1,2023-01-07T05:00:39Z,2023-01-05T22:57:30Z
無料10連最終日,http://twitter.com/search?q=%E7%84%A1%E6%96%9910%E9%80%A3%E6%9C%80%E7%B5%82%E6%97%A5,NA,%E7%84%A1%E6%96%9910%E9%80%A3%E6%9C%80%E7%B5%82%E6%97%A5,NA,Worldwide,1,2023-01-07T05:00:39Z,2023-01-05T22:57:30Z
liam payne,http://twitter.com/search?q=%22liam+payne%22,NA,%22liam+payne%22,NA,Worldwide,1,2023-01-07T05:00:39Z,2023-01-05T22:57:30Z
Doucoure,http://twitter.com/search?q=Doucoure,NA,Doucoure,NA,Worldwide,1,2023-01-07T05:00:39Z,2023-01-05T22:57:30Z
