trend,url,promoted_content,query,tweet_volume,place,woeid,as_of,created_at
#EsClaudia,http://twitter.com/search?q=%23EsClaudia,NA,%23EsClaudia,34235,Worldwide,1,2023-01-08T00:05:32Z,2023-01-07T06:00:55Z
Villarreal,http://twitter.com/search?q=Villarreal,NA,Villarreal,52665,Worldwide,1,2023-01-08T00:05:32Z,2023-01-07T06:00:55Z
#MetroCDMX,http://twitter.com/search?q=%23MetroCDMX,NA,%23MetroCDMX,30696,Worldwide,1,2023-01-08T00:05:32Z,2023-01-07T06:00:55Z
#ทฤษฎีสีชมพูEP7,http://twitter.com/search?q=%23%E0%B8%97%E0%B8%A4%E0%B8%A9%E0%B8%8E%E0%B8%B5%E0%B8%AA%E0%B8%B5%E0%B8%8A%E0%B8%A1%E0%B8%9E%E0%B8%B9EP7,NA,%23%E0%B8%97%E0%B8%A4%E0%B8%A9%E0%B8%8E%E0%B8%B5%E0%B8%AA%E0%B8%B5%E0%B8%8A%E0%B8%A1%E0%B8%9E%E0%B8%B9EP7,161620,Worldwide,1,2023-01-08T00:05:32Z,2023-01-07T06:00:55Z
Mendy,http://twitter.com/search?q=Mendy,NA,Mendy,13552,Worldwide,1,2023-01-08T00:05:32Z,2023-01-07T06:00:55Z
Asensio,http://twitter.com/search?q=Asensio,NA,Asensio,NA,Worldwide,1,2023-01-08T00:05:32Z,2023-01-07T06:00:55Z
Morelia,http://twitter.com/search?q=Morelia,NA,Morelia,NA,Worldwide,1,2023-01-08T00:05:32Z,2023-01-07T06:00:55Z
#SuryakumarYadav,http://twitter.com/search?q=%23SuryakumarYadav,NA,%23SuryakumarYadav,26897,Worldwide,1,2023-01-08T00:05:32Z,2023-01-07T06:00:55Z
Benzema,http://twitter.com/search?q=Benzema,NA,Benzema,27909,Worldwide,1,2023-01-08T00:05:32Z,2023-01-07T06:00:55Z
Alaba,http://twitter.com/search?q=Alaba,NA,Alaba,NA,Worldwide,1,2023-01-08T00:05:32Z,2023-01-07T06:00:55Z
#الكويت_قطر,http://twitter.com/search?q=%23%D8%A7%D9%84%D9%83%D9%88%D9%8A%D8%AA_%D9%82%D8%B7%D8%B1,NA,%23%D8%A7%D9%84%D9%83%D9%88%D9%8A%D8%AA_%D9%82%D8%B7%D8%B1,13024,Worldwide,1,2023-01-08T00:05:32Z,2023-01-07T06:00:55Z
GAP GIRL LOVE,http://twitter.com/search?q=%22GAP+GIRL+LOVE%22,NA,%22GAP+GIRL+LOVE%22,133181,Worldwide,1,2023-01-08T00:05:32Z,2023-01-07T06:00:55Z
Vinicius,http://twitter.com/search?q=Vinicius,NA,Vinicius,19929,Worldwide,1,2023-01-08T00:05:32Z,2023-01-07T06:00:55Z
Foyth,http://twitter.com/search?q=Foyth,NA,Foyth,NA,Worldwide,1,2023-01-08T00:05:32Z,2023-01-07T06:00:55Z
THEY CAN'T BEAT US,http://twitter.com/search?q=%22THEY+CAN%27T+BEAT+US%22,NA,%22THEY+CAN%27T+BEAT+US%22,36976,Worldwide,1,2023-01-08T00:05:32Z,2023-01-07T06:00:55Z
Wrexham,http://twitter.com/search?q=Wrexham,NA,Wrexham,NA,Worldwide,1,2023-01-08T00:05:32Z,2023-01-07T06:00:55Z
فياريال,http://twitter.com/search?q=%D9%81%D9%8A%D8%A7%D8%B1%D9%8A%D8%A7%D9%84,NA,%D9%81%D9%8A%D8%A7%D8%B1%D9%8A%D8%A7%D9%84,16249,Worldwide,1,2023-01-08T00:05:32Z,2023-01-07T06:00:55Z
Michoacán,http://twitter.com/search?q=Michoac%C3%A1n,NA,Michoac%C3%A1n,NA,Worldwide,1,2023-01-08T00:05:32Z,2023-01-07T06:00:55Z
Parejo,http://twitter.com/search?q=Parejo,NA,Parejo,NA,Worldwide,1,2023-01-08T00:05:32Z,2023-01-07T06:00:55Z
Gerard Moreno,http://twitter.com/search?q=%22Gerard+Moreno%22,NA,%22Gerard+Moreno%22,NA,Worldwide,1,2023-01-08T00:05:32Z,2023-01-07T06:00:55Z
hobi,http://twitter.com/search?q=hobi,NA,hobi,369289,Worldwide,1,2023-01-08T00:05:32Z,2023-01-07T06:00:55Z
Ancelotti,http://twitter.com/search?q=Ancelotti,NA,Ancelotti,NA,Worldwide,1,2023-01-08T00:05:32Z,2023-01-07T06:00:55Z
Danjuma,http://twitter.com/search?q=Danjuma,NA,Danjuma,NA,Worldwide,1,2023-01-08T00:05:32Z,2023-01-07T06:00:55Z
بنزيما,http://twitter.com/search?q=%D8%A8%D9%86%D8%B2%D9%8A%D9%85%D8%A7,NA,%D8%A8%D9%86%D8%B2%D9%8A%D9%85%D8%A7,NA,Worldwide,1,2023-01-08T00:05:32Z,2023-01-07T06:00:55Z
Atiba,http://twitter.com/search?q=Atiba,NA,Atiba,NA,Worldwide,1,2023-01-08T00:05:32Z,2023-01-07T06:00:55Z
BTS LIVING LEGENDS,http://twitter.com/search?q=%22BTS+LIVING+LEGENDS%22,NA,%22BTS+LIVING+LEGENDS%22,112304,Worldwide,1,2023-01-08T00:05:32Z,2023-01-07T06:00:55Z
Rudiger,http://twitter.com/search?q=Rudiger,NA,Rudiger,NA,Worldwide,1,2023-01-08T00:05:32Z,2023-01-07T06:00:55Z
Setien,http://twitter.com/search?q=Setien,NA,Setien,NA,Worldwide,1,2023-01-08T00:05:32Z,2023-01-07T06:00:55Z
BTS IS THE STANDARD,http://twitter.com/search?q=%22BTS+IS+THE+STANDARD%22,NA,%22BTS+IS+THE+STANDARD%22,79131,Worldwide,1,2023-01-08T00:05:32Z,2023-01-07T06:00:55Z
Albiol,http://twitter.com/search?q=Albiol,NA,Albiol,NA,Worldwide,1,2023-01-08T00:05:32Z,2023-01-07T06:00:55Z
Mert Günok,http://twitter.com/search?q=%22Mert+G%C3%BCnok%22,NA,%22Mert+G%C3%BCnok%22,NA,Worldwide,1,2023-01-08T00:05:32Z,2023-01-07T06:00:55Z
Luis Enrique,http://twitter.com/search?q=%22Luis+Enrique%22,NA,%22Luis+Enrique%22,NA,Worldwide,1,2023-01-08T00:05:32Z,2023-01-07T06:00:55Z
돈키호테,http://twitter.com/search?q=%EB%8F%88%ED%82%A4%ED%98%B8%ED%85%8C,NA,%EB%8F%88%ED%82%A4%ED%98%B8%ED%85%8C,120620,Worldwide,1,2023-01-08T00:05:32Z,2023-01-07T06:00:55Z
Claudia Sheinbaum,http://twitter.com/search?q=%22Claudia+Sheinbaum%22,NA,%22Claudia+Sheinbaum%22,14139,Worldwide,1,2023-01-08T00:05:32Z,2023-01-07T06:00:55Z
CONGRATULATIONS BTS,http://twitter.com/search?q=%22CONGRATULATIONS+BTS%22,NA,%22CONGRATULATIONS+BTS%22,222203,Worldwide,1,2023-01-08T00:05:32Z,2023-01-07T06:00:55Z
Courtois,http://twitter.com/search?q=Courtois,NA,Courtois,NA,Worldwide,1,2023-01-08T00:05:32Z,2023-01-07T06:00:55Z
DON QUIXOTE,http://twitter.com/search?q=%22DON+QUIXOTE%22,NA,%22DON+QUIXOTE%22,244910,Worldwide,1,2023-01-08T00:05:32Z,2023-01-07T06:00:55Z
Scarpa,http://twitter.com/search?q=Scarpa,NA,Scarpa,NA,Worldwide,1,2023-01-08T00:05:32Z,2023-01-07T06:00:55Z
مدريد,http://twitter.com/search?q=%D9%85%D8%AF%D8%B1%D9%8A%D8%AF,NA,%D9%85%D8%AF%D8%B1%D9%8A%D8%AF,23067,Worldwide,1,2023-01-08T00:05:32Z,2023-01-07T06:00:55Z
Locatelli,http://twitter.com/search?q=Locatelli,NA,Locatelli,NA,Worldwide,1,2023-01-08T00:05:32Z,2023-01-07T06:00:55Z
ふたつの要素,http://twitter.com/search?q=%E3%81%B5%E3%81%9F%E3%81%A4%E3%81%AE%E8%A6%81%E7%B4%A0,NA,%E3%81%B5%E3%81%9F%E3%81%A4%E3%81%AE%E8%A6%81%E7%B4%A0,NA,Worldwide,1,2023-01-08T00:05:32Z,2023-01-07T06:00:55Z
الريال,http://twitter.com/search?q=%D8%A7%D9%84%D8%B1%D9%8A%D8%A7%D9%84,NA,%D8%A7%D9%84%D8%B1%D9%8A%D8%A7%D9%84,NA,Worldwide,1,2023-01-08T00:05:32Z,2023-01-07T06:00:55Z
Valverde,http://twitter.com/search?q=Valverde,NA,Valverde,NA,Worldwide,1,2023-01-08T00:05:32Z,2023-01-07T06:00:55Z
La Raza,http://twitter.com/search?q=%22La+Raza%22,NA,%22La+Raza%22,34138,Worldwide,1,2023-01-08T00:05:32Z,2023-01-07T06:00:55Z
Son 6Gün,http://twitter.com/search?q=%22Son+6G%C3%BCn%22,NA,%22Son+6G%C3%BCn%22,56806,Worldwide,1,2023-01-08T00:05:32Z,2023-01-07T06:00:55Z
Militao,http://twitter.com/search?q=Militao,NA,Militao,NA,Worldwide,1,2023-01-08T00:05:32Z,2023-01-07T06:00:55Z
Jefa de Gobierno,http://twitter.com/search?q=%22Jefa+de+Gobierno%22,NA,%22Jefa+de+Gobierno%22,NA,Worldwide,1,2023-01-08T00:05:32Z,2023-01-07T06:00:55Z
ميندي,http://twitter.com/search?q=%D9%85%D9%8A%D9%86%D8%AF%D9%8A,NA,%D9%85%D9%8A%D9%86%D8%AF%D9%8A,NA,Worldwide,1,2023-01-08T00:05:32Z,2023-01-07T06:00:55Z
Camavinga,http://twitter.com/search?q=Camavinga,NA,Camavinga,NA,Worldwide,1,2023-01-08T00:05:32Z,2023-01-07T06:00:55Z
Kroos,http://twitter.com/search?q=Kroos,NA,Kroos,NA,Worldwide,1,2023-01-08T00:05:32Z,2023-01-07T06:00:55Z
