trend,url,promoted_content,query,tweet_volume,place,woeid,as_of,created_at
#GoldenGlobes,http://twitter.com/search?q=%23GoldenGlobes,NA,%23GoldenGlobes,665804,Worldwide,1,2023-01-11T10:32:33Z,2023-01-09T05:23:42Z
Jennifer Coolidge,http://twitter.com/search?q=%22Jennifer+Coolidge%22,NA,%22Jennifer+Coolidge%22,21427,Worldwide,1,2023-01-11T10:32:33Z,2023-01-09T05:23:42Z
Twitter Blue,http://twitter.com/search?q=%22Twitter+Blue%22,NA,%22Twitter+Blue%22,205883,Worldwide,1,2023-01-11T10:32:33Z,2023-01-09T05:23:42Z
Eddie Murphy,http://twitter.com/search?q=%22Eddie+Murphy%22,NA,%22Eddie+Murphy%22,12078,Worldwide,1,2023-01-11T10:32:33Z,2023-01-09T05:23:42Z
maxi,http://twitter.com/search?q=maxi,NA,maxi,48810,Worldwide,1,2023-01-11T10:32:33Z,2023-01-09T05:23:42Z
Vince,http://twitter.com/search?q=Vince,NA,Vince,57198,Worldwide,1,2023-01-11T10:32:33Z,2023-01-09T05:23:42Z
#NaatuNaatu,http://twitter.com/search?q=%23NaatuNaatu,NA,%23NaatuNaatu,76774,Worldwide,1,2023-01-11T10:32:33Z,2023-01-09T05:23:42Z
広告半分,http://twitter.com/search?q=%E5%BA%83%E5%91%8A%E5%8D%8A%E5%88%86,NA,%E5%BA%83%E5%91%8A%E5%8D%8A%E5%88%86,NA,Worldwide,1,2023-01-11T10:32:33Z,2023-01-09T05:23:42Z
Zendaya,http://twitter.com/search?q=Zendaya,NA,Zendaya,30821,Worldwide,1,2023-01-11T10:32:33Z,2023-01-09T05:23:42Z
Emerson Jake,http://twitter.com/search?q=%22Emerson+Jake%22,NA,%22Emerson+Jake%22,37832,Worldwide,1,2023-01-11T10:32:33Z,2023-01-09T05:23:42Z
Ryan Murphy,http://twitter.com/search?q=%22Ryan+Murphy%22,NA,%22Ryan+Murphy%22,10474,Worldwide,1,2023-01-11T10:32:33Z,2023-01-09T05:23:42Z
Michelle Yeoh,http://twitter.com/search?q=%22Michelle+Yeoh%22,NA,%22Michelle+Yeoh%22,65958,Worldwide,1,2023-01-11T10:32:33Z,2023-01-09T05:23:42Z
Regina Hall,http://twitter.com/search?q=%22Regina+Hall%22,NA,%22Regina+Hall%22,NA,Worldwide,1,2023-01-11T10:32:33Z,2023-01-09T05:23:42Z
#YetToComeInCinemas,http://twitter.com/search?q=%23YetToComeInCinemas,NA,%23YetToComeInCinemas,76752,Worldwide,1,2023-01-11T10:32:33Z,2023-01-09T05:23:42Z
Oscar,http://twitter.com/search?q=Oscar,NA,Oscar,126125,Worldwide,1,2023-01-11T10:32:33Z,2023-01-09T05:23:42Z
#RRRMovie,http://twitter.com/search?q=%23RRRMovie,NA,%23RRRMovie,116715,Worldwide,1,2023-01-11T10:32:33Z,2023-01-09T05:23:42Z
Austin Butler,http://twitter.com/search?q=%22Austin+Butler%22,NA,%22Austin+Butler%22,25885,Worldwide,1,2023-01-11T10:32:33Z,2023-01-09T05:23:42Z
Evan Peters,http://twitter.com/search?q=%22Evan+Peters%22,NA,%22Evan+Peters%22,22066,Worldwide,1,2023-01-11T10:32:33Z,2023-01-09T05:23:42Z
#Argentina1985,http://twitter.com/search?q=%23Argentina1985,NA,%23Argentina1985,NA,Worldwide,1,2023-01-11T10:32:33Z,2023-01-09T05:23:42Z
Saudis,http://twitter.com/search?q=Saudis,NA,Saudis,NA,Worldwide,1,2023-01-11T10:32:33Z,2023-01-09T05:23:42Z
House of the Dragon,http://twitter.com/search?q=%22House+of+the+Dragon%22,NA,%22House+of+the+Dragon%22,10093,Worldwide,1,2023-01-11T10:32:33Z,2023-01-09T05:23:42Z
River,http://twitter.com/search?q=River,NA,River,113343,Worldwide,1,2023-01-11T10:32:33Z,2023-01-09T05:23:42Z
Coachella,http://twitter.com/search?q=Coachella,NA,Coachella,548533,Worldwide,1,2023-01-11T10:32:33Z,2023-01-09T05:23:42Z
Jerrod Carmichael,http://twitter.com/search?q=%22Jerrod+Carmichael%22,NA,%22Jerrod+Carmichael%22,12871,Worldwide,1,2023-01-11T10:32:33Z,2023-01-09T05:23:42Z
Alfonso,http://twitter.com/search?q=Alfonso,NA,Alfonso,18197,Worldwide,1,2023-01-11T10:32:33Z,2023-01-09T05:23:42Z
Twitterブルー,http://twitter.com/search?q=Twitter%E3%83%96%E3%83%AB%E3%83%BC,NA,Twitter%E3%83%96%E3%83%AB%E3%83%BC,32416,Worldwide,1,2023-01-11T10:32:33Z,2023-01-09T05:23:42Z
Abbott Elementary,http://twitter.com/search?q=%22Abbott+Elementary%22,NA,%22Abbott+Elementary%22,23111,Worldwide,1,2023-01-11T10:32:33Z,2023-01-09T05:23:42Z
Ke Huy Quan,http://twitter.com/search?q=%22Ke+Huy+Quan%22,NA,%22Ke+Huy+Quan%22,46084,Worldwide,1,2023-01-11T10:32:33Z,2023-01-09T05:23:42Z
Angela Bassett,http://twitter.com/search?q=%22Angela+Bassett%22,NA,%22Angela+Bassett%22,56349,Worldwide,1,2023-01-11T10:32:33Z,2023-01-09T05:23:42Z
Elvis,http://twitter.com/search?q=Elvis,NA,Elvis,37779,Worldwide,1,2023-01-11T10:32:33Z,2023-01-09T05:23:42Z
Better Call Saul,http://twitter.com/search?q=%22Better+Call+Saul%22,NA,%22Better+Call+Saul%22,NA,Worldwide,1,2023-01-11T10:32:33Z,2023-01-09T05:23:42Z
Globo de Oro,http://twitter.com/search?q=%22Globo+de+Oro%22,NA,%22Globo+de+Oro%22,14536,Worldwide,1,2023-01-11T10:32:33Z,2023-01-09T05:23:42Z
Kevin Costner,http://twitter.com/search?q=%22Kevin+Costner%22,NA,%22Kevin+Costner%22,NA,Worldwide,1,2023-01-11T10:32:33Z,2023-01-09T05:23:42Z
Bob Odenkirk,http://twitter.com/search?q=%22Bob+Odenkirk%22,NA,%22Bob+Odenkirk%22,NA,Worldwide,1,2023-01-11T10:32:33Z,2023-01-09T05:23:42Z
Steph,http://twitter.com/search?q=Steph,NA,Steph,27871,Worldwide,1,2023-01-11T10:32:33Z,2023-01-09T05:23:42Z
Shakira,http://twitter.com/search?q=Shakira,NA,Shakira,128615,Worldwide,1,2023-01-11T10:32:33Z,2023-01-09T05:23:42Z
Guillermo del Toro,http://twitter.com/search?q=%22Guillermo+del+Toro%22,NA,%22Guillermo+del+Toro%22,22893,Worldwide,1,2023-01-11T10:32:33Z,2023-01-09T05:23:42Z
初任給30万,http://twitter.com/search?q=%E5%88%9D%E4%BB%BB%E7%B5%A630%E4%B8%87,NA,%E5%88%9D%E4%BB%BB%E7%B5%A630%E4%B8%87,NA,Worldwide,1,2023-01-11T10:32:33Z,2023-01-09T05:23:42Z
jenna,http://twitter.com/search?q=jenna,NA,jenna,68579,Worldwide,1,2023-01-11T10:32:33Z,2023-01-09T05:23:42Z
ナートゥ,http://twitter.com/search?q=%E3%83%8A%E3%83%BC%E3%83%88%E3%82%A5,NA,%E3%83%8A%E3%83%BC%E3%83%88%E3%82%A5,NA,Worldwide,1,2023-01-11T10:32:33Z,2023-01-09T05:23:42Z
Jimmy Butler,http://twitter.com/search?q=%22Jimmy+Butler%22,NA,%22Jimmy+Butler%22,NA,Worldwide,1,2023-01-11T10:32:33Z,2023-01-09T05:23:42Z
Jarrett Allen,http://twitter.com/search?q=%22Jarrett+Allen%22,NA,%22Jarrett+Allen%22,NA,Worldwide,1,2023-01-11T10:32:33Z,2023-01-09T05:23:42Z
Pell,http://twitter.com/search?q=Pell,NA,Pell,34143,Worldwide,1,2023-01-11T10:32:33Z,2023-01-09T05:23:42Z
縦長サムネ,http://twitter.com/search?q=%E7%B8%A6%E9%95%B7%E3%82%B5%E3%83%A0%E3%83%8D,NA,%E7%B8%A6%E9%95%B7%E3%82%B5%E3%83%A0%E3%83%8D,12815,Worldwide,1,2023-01-11T10:32:33Z,2023-01-09T05:23:42Z
Beltrán,http://twitter.com/search?q=Beltr%C3%A1n,NA,Beltr%C3%A1n,NA,Worldwide,1,2023-01-11T10:32:33Z,2023-01-09T05:23:42Z
もの旅ラガーキャンペーン,http://twitter.com/search?q=%E3%82%82%E3%81%AE%E6%97%85%E3%83%A9%E3%82%AC%E3%83%BC%E3%82%AD%E3%83%A3%E3%83%B3%E3%83%9A%E3%83%BC%E3%83%B3,NA,%E3%82%82%E3%81%AE%E6%97%85%E3%83%A9%E3%82%AC%E3%83%BC%E3%82%AD%E3%83%A3%E3%83%B3%E3%83%9A%E3%83%BC%E3%83%B3,NA,Worldwide,1,2023-01-11T10:32:33Z,2023-01-09T05:23:42Z
Steven Spielberg,http://twitter.com/search?q=%22Steven+Spielberg%22,NA,%22Steven+Spielberg%22,NA,Worldwide,1,2023-01-11T10:32:33Z,2023-01-09T05:23:42Z
Colin Farrell,http://twitter.com/search?q=%22Colin+Farrell%22,NA,%22Colin+Farrell%22,10834,Worldwide,1,2023-01-11T10:32:33Z,2023-01-09T05:23:42Z
応募シール付きの金麦,http://twitter.com/search?q=%E5%BF%9C%E5%8B%9F%E3%82%B7%E3%83%BC%E3%83%AB%E4%BB%98%E3%81%8D%E3%81%AE%E9%87%91%E9%BA%A6,NA,%E5%BF%9C%E5%8B%9F%E3%82%B7%E3%83%BC%E3%83%AB%E4%BB%98%E3%81%8D%E3%81%AE%E9%87%91%E9%BA%A6,NA,Worldwide,1,2023-01-11T10:32:33Z,2023-01-09T05:23:42Z
유니버스,http://twitter.com/search?q=%EC%9C%A0%EB%8B%88%EB%B2%84%EC%8A%A4,NA,%EC%9C%A0%EB%8B%88%EB%B2%84%EC%8A%A4,17332,Worldwide,1,2023-01-11T10:32:33Z,2023-01-09T05:23:42Z
