trend,url,promoted_content,query,tweet_volume,place,woeid,as_of,created_at
Wilder,http://twitter.com/search?q=Wilder,NA,Wilder,65786,Worldwide,1,2022-10-16T09:39:06Z,2022-10-13T04:32:16Z
Yankees,http://twitter.com/search?q=Yankees,NA,Yankees,116608,Worldwide,1,2022-10-16T09:39:06Z,2022-10-13T04:32:16Z
Haney,http://twitter.com/search?q=Haney,NA,Haney,60950,Worldwide,1,2022-10-16T09:39:06Z,2022-10-13T04:32:16Z
Mariners,http://twitter.com/search?q=Mariners,NA,Mariners,107370,Worldwide,1,2022-10-16T09:39:06Z,2022-10-13T04:32:16Z
Astros,http://twitter.com/search?q=Astros,NA,Astros,123088,Worldwide,1,2022-10-16T09:39:06Z,2022-10-13T04:32:16Z
#荒野巨人コンサート,http://twitter.com/search?q=%23%E8%8D%92%E9%87%8E%E5%B7%A8%E4%BA%BA%E3%82%B3%E3%83%B3%E3%82%B5%E3%83%BC%E3%83%88,NA,%23%E8%8D%92%E9%87%8E%E5%B7%A8%E4%BA%BA%E3%82%B3%E3%83%B3%E3%82%B5%E3%83%BC%E3%83%88,NA,Worldwide,1,2022-10-16T09:39:06Z,2022-10-13T04:32:16Z
最大1万円,http://twitter.com/search?q=%E6%9C%80%E5%A4%A71%E4%B8%87%E5%86%86,NA,%E6%9C%80%E5%A4%A71%E4%B8%87%E5%86%86,24591,Worldwide,1,2022-10-16T09:39:06Z,2022-10-13T04:32:16Z
うちわ番号,http://twitter.com/search?q=%E3%81%86%E3%81%A1%E3%82%8F%E7%95%AA%E5%8F%B7,NA,%E3%81%86%E3%81%A1%E3%82%8F%E7%95%AA%E5%8F%B7,NA,Worldwide,1,2022-10-16T09:39:06Z,2022-10-13T04:32:16Z
当選可能,http://twitter.com/search?q=%E5%BD%93%E9%81%B8%E5%8F%AF%E8%83%BD,NA,%E5%BD%93%E9%81%B8%E5%8F%AF%E8%83%BD,90100,Worldwide,1,2022-10-16T09:39:06Z,2022-10-13T04:32:16Z
コラボ金枠スキン,http://twitter.com/search?q=%E3%82%B3%E3%83%A9%E3%83%9C%E9%87%91%E6%9E%A0%E3%82%B9%E3%82%AD%E3%83%B3,NA,%E3%82%B3%E3%83%A9%E3%83%9C%E9%87%91%E6%9E%A0%E3%82%B9%E3%82%AD%E3%83%B3,NA,Worldwide,1,2022-10-16T09:39:06Z,2022-10-13T04:32:16Z
当選番号,http://twitter.com/search?q=%E5%BD%93%E9%81%B8%E7%95%AA%E5%8F%B7,NA,%E5%BD%93%E9%81%B8%E7%95%AA%E5%8F%B7,NA,Worldwide,1,2022-10-16T09:39:06Z,2022-10-13T04:32:16Z
記念うちわ,http://twitter.com/search?q=%E8%A8%98%E5%BF%B5%E3%81%86%E3%81%A1%E3%82%8F,NA,%E8%A8%98%E5%BF%B5%E3%81%86%E3%81%A1%E3%82%8F,NA,Worldwide,1,2022-10-16T09:39:06Z,2022-10-13T04:32:16Z
#進撃の巨人,http://twitter.com/search?q=%23%E9%80%B2%E6%92%83%E3%81%AE%E5%B7%A8%E4%BA%BA,NA,%23%E9%80%B2%E6%92%83%E3%81%AE%E5%B7%A8%E4%BA%BA,10897,Worldwide,1,2022-10-16T09:39:06Z,2022-10-13T04:32:16Z
Boone,http://twitter.com/search?q=Boone,NA,Boone,20030,Worldwide,1,2022-10-16T09:39:06Z,2022-10-13T04:32:16Z
#荒野行動,http://twitter.com/search?q=%23%E8%8D%92%E9%87%8E%E8%A1%8C%E5%8B%95,NA,%23%E8%8D%92%E9%87%8E%E8%A1%8C%E5%8B%95,18671,Worldwide,1,2022-10-16T09:39:06Z,2022-10-13T04:32:16Z
Utah,http://twitter.com/search?q=Utah,NA,Utah,41775,Worldwide,1,2022-10-16T09:39:06Z,2022-10-13T04:32:16Z
#ForTheLand,http://twitter.com/search?q=%23ForTheLand,NA,%23ForTheLand,28696,Worldwide,1,2022-10-16T09:39:06Z,2022-10-13T04:32:16Z
#それスノ,http://twitter.com/search?q=%23%E3%81%9D%E3%82%8C%E3%82%B9%E3%83%8E,NA,%23%E3%81%9D%E3%82%8C%E3%82%B9%E3%83%8E,18287,Worldwide,1,2022-10-16T09:39:06Z,2022-10-13T04:32:16Z
リヴァイ・アッカーマン,http://twitter.com/search?q=%E3%83%AA%E3%83%B4%E3%82%A1%E3%82%A4%E3%83%BB%E3%82%A2%E3%83%83%E3%82%AB%E3%83%BC%E3%83%9E%E3%83%B3,NA,%E3%83%AA%E3%83%B4%E3%82%A1%E3%82%A4%E3%83%BB%E3%82%A2%E3%83%83%E3%82%AB%E3%83%BC%E3%83%9E%E3%83%B3,NA,Worldwide,1,2022-10-16T09:39:06Z,2022-10-13T04:32:16Z
TOH SPOILERS,http://twitter.com/search?q=%22TOH+SPOILERS%22,NA,%22TOH+SPOILERS%22,119463,Worldwide,1,2022-10-16T09:39:06Z,2022-10-13T04:32:16Z
Bama,http://twitter.com/search?q=Bama,NA,Bama,110281,Worldwide,1,2022-10-16T09:39:06Z,2022-10-13T04:32:16Z
Caleb Plant,http://twitter.com/search?q=%22Caleb+Plant%22,NA,%22Caleb+Plant%22,10503,Worldwide,1,2022-10-16T09:39:06Z,2022-10-13T04:32:16Z
Puebla,http://twitter.com/search?q=Puebla,NA,Puebla,33206,Worldwide,1,2022-10-16T09:39:06Z,2022-10-13T04:32:16Z
Cleveland,http://twitter.com/search?q=Cleveland,NA,Cleveland,36824,Worldwide,1,2022-10-16T09:39:06Z,2022-10-13T04:32:16Z
Tennessee,http://twitter.com/search?q=Tennessee,NA,Tennessee,191886,Worldwide,1,2022-10-16T09:39:06Z,2022-10-13T04:32:16Z
Guardians,http://twitter.com/search?q=Guardians,NA,Guardians,44203,Worldwide,1,2022-10-16T09:39:06Z,2022-10-13T04:32:16Z
Emmanuel,http://twitter.com/search?q=Emmanuel,NA,Emmanuel,39105,Worldwide,1,2022-10-16T09:39:06Z,2022-10-13T04:32:16Z
ALCS,http://twitter.com/search?q=ALCS,NA,ALCS,17503,Worldwide,1,2022-10-16T09:39:06Z,2022-10-13T04:32:16Z
전국노래자랑,http://twitter.com/search?q=%EC%A0%84%EA%B5%AD%EB%85%B8%EB%9E%98%EC%9E%90%EB%9E%91,NA,%EC%A0%84%EA%B5%AD%EB%85%B8%EB%9E%98%EC%9E%90%EB%9E%91,NA,Worldwide,1,2022-10-16T09:39:06Z,2022-10-13T04:32:16Z
Utes,http://twitter.com/search?q=Utes,NA,Utes,NA,Worldwide,1,2022-10-16T09:39:06Z,2022-10-13T04:32:16Z
Cashman,http://twitter.com/search?q=Cashman,NA,Cashman,NA,Worldwide,1,2022-10-16T09:39:06Z,2022-10-13T04:32:16Z
Holmes,http://twitter.com/search?q=Holmes,NA,Holmes,16027,Worldwide,1,2022-10-16T09:39:06Z,2022-10-13T04:32:16Z
Seattle,http://twitter.com/search?q=Seattle,NA,Seattle,43764,Worldwide,1,2022-10-16T09:39:06Z,2022-10-13T04:32:16Z
Oscar Gonzalez,http://twitter.com/search?q=%22Oscar+Gonzalez%22,NA,%22Oscar+Gonzalez%22,NA,Worldwide,1,2022-10-16T09:39:06Z,2022-10-13T04:32:16Z
オタクの血,http://twitter.com/search?q=%E3%82%AA%E3%82%BF%E3%82%AF%E3%81%AE%E8%A1%80,NA,%E3%82%AA%E3%82%BF%E3%82%AF%E3%81%AE%E8%A1%80,12051,Worldwide,1,2022-10-16T09:39:06Z,2022-10-13T04:32:16Z
Pac 12,http://twitter.com/search?q=%22Pac+12%22,NA,%22Pac+12%22,NA,Worldwide,1,2022-10-16T09:39:06Z,2022-10-13T04:32:16Z
Notre Dame,http://twitter.com/search?q=%22Notre+Dame%22,NA,%22Notre+Dame%22,11684,Worldwide,1,2022-10-16T09:39:06Z,2022-10-13T04:32:16Z
Cam Rising,http://twitter.com/search?q=%22Cam+Rising%22,NA,%22Cam+Rising%22,NA,Worldwide,1,2022-10-16T09:39:06Z,2022-10-13T04:32:16Z
Dirrell,http://twitter.com/search?q=Dirrell,NA,Dirrell,12860,Worldwide,1,2022-10-16T09:39:06Z,2022-10-13T04:32:16Z
Lincoln Riley,http://twitter.com/search?q=%22Lincoln+Riley%22,NA,%22Lincoln+Riley%22,NA,Worldwide,1,2022-10-16T09:39:06Z,2022-10-13T04:32:16Z
Clemson,http://twitter.com/search?q=Clemson,NA,Clemson,17937,Worldwide,1,2022-10-16T09:39:06Z,2022-10-13T04:32:16Z
멀티프로필,http://twitter.com/search?q=%EB%A9%80%ED%8B%B0%ED%94%84%EB%A1%9C%ED%95%84,NA,%EB%A9%80%ED%8B%B0%ED%94%84%EB%A1%9C%ED%95%84,20072,Worldwide,1,2022-10-16T09:39:06Z,2022-10-13T04:32:16Z
Dowry Free Marriage,http://twitter.com/search?q=%22Dowry+Free+Marriage%22,NA,%22Dowry+Free+Marriage%22,246735,Worldwide,1,2022-10-16T09:39:06Z,2022-10-13T04:32:16Z
ONE KDIRECTION ONASAP,http://twitter.com/search?q=%22ONE+KDIRECTION+ONASAP%22,NA,%22ONE+KDIRECTION+ONASAP%22,45277,Worldwide,1,2022-10-16T09:39:06Z,2022-10-13T04:32:16Z
Bob Costas,http://twitter.com/search?q=%22Bob+Costas%22,NA,%22Bob+Costas%22,NA,Worldwide,1,2022-10-16T09:39:06Z,2022-10-13T04:32:16Z
América,http://twitter.com/search?q=Am%C3%A9rica,NA,Am%C3%A9rica,359016,Worldwide,1,2022-10-16T09:39:06Z,2022-10-13T04:32:16Z
Alex Rins,http://twitter.com/search?q=%22Alex+Rins%22,NA,%22Alex+Rins%22,NA,Worldwide,1,2022-10-16T09:39:06Z,2022-10-13T04:32:16Z
Houston,http://twitter.com/search?q=Houston,NA,Houston,48299,Worldwide,1,2022-10-16T09:39:06Z,2022-10-13T04:32:16Z
Jeremy Peña,http://twitter.com/search?q=%22Jeremy+Pe%C3%B1a%22,NA,%22Jeremy+Pe%C3%B1a%22,10881,Worldwide,1,2022-10-16T09:39:06Z,2022-10-13T04:32:16Z
設営完了,http://twitter.com/search?q=%E8%A8%AD%E5%96%B6%E5%AE%8C%E4%BA%86,NA,%E8%A8%AD%E5%96%B6%E5%AE%8C%E4%BA%86,11736,Worldwide,1,2022-10-16T09:39:06Z,2022-10-13T04:32:16Z
