trend,url,promoted_content,query,tweet_volume,place,woeid,as_of,created_at
#الهلال_الشباب,http://twitter.com/search?q=%23%D8%A7%D9%84%D9%87%D9%84%D8%A7%D9%84_%D8%A7%D9%84%D8%B4%D8%A8%D8%A7%D8%A8,NA,%23%D8%A7%D9%84%D9%87%D9%84%D8%A7%D9%84_%D8%A7%D9%84%D8%B4%D8%A8%D8%A7%D8%A8,119522,Worldwide,1,2022-10-11T00:33:41Z,2022-10-08T22:31:58Z
Columbus,http://twitter.com/search?q=Columbus,NA,Columbus,184717,Worldwide,1,2022-10-11T00:33:41Z,2022-10-08T22:31:58Z
#IndigenousPeoplesDay,http://twitter.com/search?q=%23IndigenousPeoplesDay,NA,%23IndigenousPeoplesDay,89558,Worldwide,1,2022-10-11T00:33:41Z,2022-10-08T22:31:58Z
#WorldMentalHealthDay,http://twitter.com/search?q=%23WorldMentalHealthDay,NA,%23WorldMentalHealthDay,406149,Worldwide,1,2022-10-11T00:33:41Z,2022-10-08T22:31:58Z
Thanksgiving,http://twitter.com/search?q=Thanksgiving,NA,Thanksgiving,141944,Worldwide,1,2022-10-11T00:33:41Z,2022-10-08T22:31:58Z
#DoYouKnowBTS,http://twitter.com/search?q=%23DoYouKnowBTS,NA,%23DoYouKnowBTS,16988,Worldwide,1,2022-10-11T00:33:41Z,2022-10-08T22:31:58Z
#DiaMundialdelaSaludMental,http://twitter.com/search?q=%23DiaMundialdelaSaludMental,NA,%23DiaMundialdelaSaludMental,55255,Worldwide,1,2022-10-11T00:33:41Z,2022-10-08T22:31:58Z
James brown,http://twitter.com/search?q=%22James+brown%22,NA,%22James+brown%22,17604,Worldwide,1,2022-10-11T00:33:41Z,2022-10-08T22:31:58Z
Ashley Young,http://twitter.com/search?q=%22Ashley+Young%22,NA,%22Ashley+Young%22,NA,Worldwide,1,2022-10-11T00:33:41Z,2022-10-08T22:31:58Z
Bleach,http://twitter.com/search?q=Bleach,NA,Bleach,417876,Worldwide,1,2022-10-11T00:33:41Z,2022-10-08T22:31:58Z
HAPPY BDAY KARAN KUNDRRA,http://twitter.com/search?q=%22HAPPY+BDAY+KARAN+KUNDRRA%22,NA,%22HAPPY+BDAY+KARAN+KUNDRRA%22,204426,Worldwide,1,2022-10-11T00:33:41Z,2022-10-08T22:31:58Z
İlk Evim İlk İşyerim,http://twitter.com/search?q=%22%C4%B0lk+Evim+%C4%B0lk+%C4%B0%C5%9Fyerim%22,NA,%22%C4%B0lk+Evim+%C4%B0lk+%C4%B0%C5%9Fyerim%22,NA,Worldwide,1,2022-10-11T00:33:41Z,2022-10-08T22:31:58Z
Matt Rhule,http://twitter.com/search?q=%22Matt+Rhule%22,NA,%22Matt+Rhule%22,46263,Worldwide,1,2022-10-11T00:33:41Z,2022-10-08T22:31:58Z
DevletBurada Esenyurt,http://twitter.com/search?q=%22DevletBurada+Esenyurt%22,NA,%22DevletBurada+Esenyurt%22,NA,Worldwide,1,2022-10-11T00:33:41Z,2022-10-08T22:31:58Z
FahriÖğreticilereEkimdeKadro,http://twitter.com/search?q=Fahri%C3%96%C4%9FreticilereEkimdeKadro,NA,Fahri%C3%96%C4%9FreticilereEkimdeKadro,24205,Worldwide,1,2022-10-11T00:33:41Z,2022-10-08T22:31:58Z
Abdullah Avcı,http://twitter.com/search?q=%22Abdullah+Avc%C4%B1%22,NA,%22Abdullah+Avc%C4%B1%22,NA,Worldwide,1,2022-10-11T00:33:41Z,2022-10-08T22:31:58Z
Red Bull,http://twitter.com/search?q=%22Red+Bull%22,NA,%22Red+Bull%22,72496,Worldwide,1,2022-10-11T00:33:41Z,2022-10-08T22:31:58Z
DJ Moore,http://twitter.com/search?q=%22DJ+Moore%22,NA,%22DJ+Moore%22,NA,Worldwide,1,2022-10-11T00:33:41Z,2022-10-08T22:31:58Z
دياز,http://twitter.com/search?q=%D8%AF%D9%8A%D8%A7%D8%B2,NA,%D8%AF%D9%8A%D8%A7%D8%B2,NA,Worldwide,1,2022-10-11T00:33:41Z,2022-10-08T22:31:58Z
ناصر,http://twitter.com/search?q=%D9%86%D8%A7%D8%B5%D8%B1,NA,%D9%86%D8%A7%D8%B5%D8%B1,19901,Worldwide,1,2022-10-11T00:33:41Z,2022-10-08T22:31:58Z
KamuEczacısı MüjdeBekliyor,http://twitter.com/search?q=%22KamuEczac%C4%B1s%C4%B1+M%C3%BCjdeBekliyor%22,NA,%22KamuEczac%C4%B1s%C4%B1+M%C3%BCjdeBekliyor%22,18967,Worldwide,1,2022-10-11T00:33:41Z,2022-10-08T22:31:58Z
Native,http://twitter.com/search?q=Native,NA,Native,81215,Worldwide,1,2022-10-11T00:33:41Z,2022-10-08T22:31:58Z
فهد المولد,http://twitter.com/search?q=%22%D9%81%D9%87%D8%AF+%D8%A7%D9%84%D9%85%D9%88%D9%84%D8%AF%22,NA,%22%D9%81%D9%87%D8%AF+%D8%A7%D9%84%D9%85%D9%88%D9%84%D8%AF%22,NA,Worldwide,1,2022-10-11T00:33:41Z,2022-10-08T22:31:58Z
Kelly Olmos,http://twitter.com/search?q=%22Kelly+Olmos%22,NA,%22Kelly+Olmos%22,NA,Worldwide,1,2022-10-11T00:33:41Z,2022-10-08T22:31:58Z
البليهي,http://twitter.com/search?q=%D8%A7%D9%84%D8%A8%D9%84%D9%8A%D9%87%D9%8A,NA,%D8%A7%D9%84%D8%A8%D9%84%D9%8A%D9%87%D9%8A,NA,Worldwide,1,2022-10-11T00:33:41Z,2022-10-08T22:31:58Z
Panthers,http://twitter.com/search?q=Panthers,NA,Panthers,94388,Worldwide,1,2022-10-11T00:33:41Z,2022-10-08T22:31:58Z
اليامي,http://twitter.com/search?q=%D8%A7%D9%84%D9%8A%D8%A7%D9%85%D9%8A,NA,%D8%A7%D9%84%D9%8A%D8%A7%D9%85%D9%8A,NA,Worldwide,1,2022-10-11T00:33:41Z,2022-10-08T22:31:58Z
المعيوف,http://twitter.com/search?q=%D8%A7%D9%84%D9%85%D8%B9%D9%8A%D9%88%D9%81,NA,%D8%A7%D9%84%D9%85%D8%B9%D9%8A%D9%88%D9%81,NA,Worldwide,1,2022-10-11T00:33:41Z,2022-10-08T22:31:58Z
سعود عبدالحميد,http://twitter.com/search?q=%22%D8%B3%D8%B9%D9%88%D8%AF+%D8%B9%D8%A8%D8%AF%D8%A7%D9%84%D8%AD%D9%85%D9%8A%D8%AF%22,NA,%22%D8%B3%D8%B9%D9%88%D8%AF+%D8%B9%D8%A8%D8%AF%D8%A7%D9%84%D8%AD%D9%85%D9%8A%D8%AF%22,NA,Worldwide,1,2022-10-11T00:33:41Z,2022-10-08T22:31:58Z
Yusuf,http://twitter.com/search?q=Yusuf,NA,Yusuf,53621,Worldwide,1,2022-10-11T00:33:41Z,2022-10-08T22:31:58Z
Nalu,http://twitter.com/search?q=Nalu,NA,Nalu,NA,Worldwide,1,2022-10-11T00:33:41Z,2022-10-08T22:31:58Z
Rex Orange County,http://twitter.com/search?q=%22Rex+Orange+County%22,NA,%22Rex+Orange+County%22,NA,Worldwide,1,2022-10-11T00:33:41Z,2022-10-08T22:31:58Z
هتان,http://twitter.com/search?q=%D9%87%D8%AA%D8%A7%D9%86,NA,%D9%87%D8%AA%D8%A7%D9%86,NA,Worldwide,1,2022-10-11T00:33:41Z,2022-10-08T22:31:58Z
Hamsik,http://twitter.com/search?q=Hamsik,NA,Hamsik,NA,Worldwide,1,2022-10-11T00:33:41Z,2022-10-08T22:31:58Z
DenklikHakkı TorbadaOlsun,http://twitter.com/search?q=%22DenklikHakk%C4%B1+TorbadaOlsun%22,NA,%22DenklikHakk%C4%B1+TorbadaOlsun%22,NA,Worldwide,1,2022-10-11T00:33:41Z,2022-10-08T22:31:58Z
emmanuel dennis,http://twitter.com/search?q=%22emmanuel+dennis%22,NA,%22emmanuel+dennis%22,NA,Worldwide,1,2022-10-11T00:33:41Z,2022-10-08T22:31:58Z
brian kenny,http://twitter.com/search?q=%22brian+kenny%22,NA,%22brian+kenny%22,NA,Worldwide,1,2022-10-11T00:33:41Z,2022-10-08T22:31:58Z
موسى,http://twitter.com/search?q=%D9%85%D9%88%D8%B3%D9%89,NA,%D9%85%D9%88%D8%B3%D9%89,17954,Worldwide,1,2022-10-11T00:33:41Z,2022-10-08T22:31:58Z
كارلوس,http://twitter.com/search?q=%D9%83%D8%A7%D8%B1%D9%84%D9%88%D8%B3,NA,%D9%83%D8%A7%D8%B1%D9%84%D9%88%D8%B3,NA,Worldwide,1,2022-10-11T00:33:41Z,2022-10-08T22:31:58Z
Tolosa Paz,http://twitter.com/search?q=%22Tolosa+Paz%22,NA,%22Tolosa+Paz%22,NA,Worldwide,1,2022-10-11T00:33:41Z,2022-10-08T22:31:58Z
Coach of the Year,http://twitter.com/search?q=%22Coach+of+the+Year%22,NA,%22Coach+of+the+Year%22,NA,Worldwide,1,2022-10-11T00:33:41Z,2022-10-08T22:31:58Z
W Series,http://twitter.com/search?q=%22W+Series%22,NA,%22W+Series%22,NA,Worldwide,1,2022-10-11T00:33:41Z,2022-10-08T22:31:58Z
jongdae,http://twitter.com/search?q=jongdae,NA,jongdae,21212,Worldwide,1,2022-10-11T00:33:41Z,2022-10-08T22:31:58Z
Meat,http://twitter.com/search?q=Meat,NA,Meat,59305,Worldwide,1,2022-10-11T00:33:41Z,2022-10-08T22:31:58Z
Lahtimi,http://twitter.com/search?q=Lahtimi,NA,Lahtimi,NA,Worldwide,1,2022-10-11T00:33:41Z,2022-10-08T22:31:58Z
Mings,http://twitter.com/search?q=Mings,NA,Mings,NA,Worldwide,1,2022-10-11T00:33:41Z,2022-10-08T22:31:58Z
Trezeguet,http://twitter.com/search?q=Trezeguet,NA,Trezeguet,NA,Worldwide,1,2022-10-11T00:33:41Z,2022-10-08T22:31:58Z
Morumbi,http://twitter.com/search?q=Morumbi,NA,Morumbi,11658,Worldwide,1,2022-10-11T00:33:41Z,2022-10-08T22:31:58Z
Aston Villa,http://twitter.com/search?q=%22Aston+Villa%22,NA,%22Aston+Villa%22,18012,Worldwide,1,2022-10-11T00:33:41Z,2022-10-08T22:31:58Z
Müjdeler,http://twitter.com/search?q=M%C3%BCjdeler,NA,M%C3%BCjdeler,NA,Worldwide,1,2022-10-11T00:33:41Z,2022-10-08T22:31:58Z
