trend,url,promoted_content,query,tweet_volume,place,woeid,as_of,created_at
Leslie Jordan,http://twitter.com/search?q=%22Leslie+Jordan%22,NA,%22Leslie+Jordan%22,54872,Worldwide,1,2022-10-25T00:02:34Z,2022-10-22T10:10:41Z
#Valerianİsmaelİstifa,http://twitter.com/search?q=%23Valerian%C4%B0smael%C4%B0stifa,NA,%23Valerian%C4%B0smael%C4%B0stifa,NA,Worldwide,1,2022-10-25T00:02:34Z,2022-10-22T10:10:41Z
#AntManandTheWaspQuantumania,http://twitter.com/search?q=%23AntManandTheWaspQuantumania,NA,%23AntManandTheWaspQuantumania,34147,Worldwide,1,2022-10-25T00:02:34Z,2022-10-22T10:10:41Z
#HTYvBJK,http://twitter.com/search?q=%23HTYvBJK,NA,%23HTYvBJK,14610,Worldwide,1,2022-10-25T00:02:34Z,2022-10-22T10:10:41Z
Clarence Thomas,http://twitter.com/search?q=%22Clarence+Thomas%22,NA,%22Clarence+Thomas%22,82581,Worldwide,1,2022-10-25T00:02:34Z,2022-10-22T10:10:41Z
Rishi Sunak,http://twitter.com/search?q=%22Rishi+Sunak%22,NA,%22Rishi+Sunak%22,479749,Worldwide,1,2022-10-25T00:02:34Z,2022-10-22T10:10:41Z
#리노야_생일선물은_평생보자,http://twitter.com/search?q=%23%EB%A6%AC%EB%85%B8%EC%95%BC_%EC%83%9D%EC%9D%BC%EC%84%A0%EB%AC%BC%EC%9D%80_%ED%8F%89%EC%83%9D%EB%B3%B4%EC%9E%90,NA,%23%EB%A6%AC%EB%85%B8%EC%95%BC_%EC%83%9D%EC%9D%BC%EC%84%A0%EB%AC%BC%EC%9D%80_%ED%8F%89%EC%83%9D%EB%B3%B4%EC%9E%90,204048,Worldwide,1,2022-10-25T00:02:34Z,2022-10-22T10:10:41Z
Beşiktaş,http://twitter.com/search?q=Be%C5%9Fikta%C5%9F,NA,Be%C5%9Fikta%C5%9F,318443,Worldwide,1,2022-10-25T00:02:34Z,2022-10-22T10:10:41Z
Kang,http://twitter.com/search?q=Kang,NA,Kang,91987,Worldwide,1,2022-10-25T00:02:34Z,2022-10-22T10:10:41Z
#DancingGodLeeKnowDay,http://twitter.com/search?q=%23DancingGodLeeKnowDay,NA,%23DancingGodLeeKnowDay,191903,Worldwide,1,2022-10-25T00:02:34Z,2022-10-22T10:10:41Z
Matt Ryan,http://twitter.com/search?q=%22Matt+Ryan%22,NA,%22Matt+Ryan%22,12775,Worldwide,1,2022-10-25T00:02:34Z,2022-10-22T10:10:41Z
Sam Ehlinger,http://twitter.com/search?q=%22Sam+Ehlinger%22,NA,%22Sam+Ehlinger%22,10426,Worldwide,1,2022-10-25T00:02:34Z,2022-10-22T10:10:41Z
Emery,http://twitter.com/search?q=Emery,NA,Emery,17748,Worldwide,1,2022-10-25T00:02:34Z,2022-10-22T10:10:41Z
SnRTErdoğan StatüDeğişikliği,http://twitter.com/search?q=%22SnRTErdo%C4%9Fan+Stat%C3%BCDe%C4%9Fi%C5%9Fikli%C4%9Fi%22,NA,%22SnRTErdo%C4%9Fan+Stat%C3%BCDe%C4%9Fi%C5%9Fikli%C4%9Fi%22,NA,Worldwide,1,2022-10-25T00:02:34Z,2022-10-22T10:10:41Z
Will & Grace,http://twitter.com/search?q=%22Will+%26+Grace%22,NA,%22Will+%26+Grace%22,13868,Worldwide,1,2022-10-25T00:02:34Z,2022-10-22T10:10:41Z
St. Louis,http://twitter.com/search?q=%22St.+Louis%22,NA,%22St.+Louis%22,30193,Worldwide,1,2022-10-25T00:02:34Z,2022-10-22T10:10:41Z
Ahmet Nur Çebi,http://twitter.com/search?q=%22Ahmet+Nur+%C3%87ebi%22,NA,%22Ahmet+Nur+%C3%87ebi%22,NA,Worldwide,1,2022-10-25T00:02:34Z,2022-10-22T10:10:41Z
Justice Thomas,http://twitter.com/search?q=%22Justice+Thomas%22,NA,%22Justice+Thomas%22,50247,Worldwide,1,2022-10-25T00:02:34Z,2022-10-22T10:10:41Z
Volkan Demirel,http://twitter.com/search?q=%22Volkan+Demirel%22,NA,%22Volkan+Demirel%22,NA,Worldwide,1,2022-10-25T00:02:34Z,2022-10-22T10:10:41Z
Colts,http://twitter.com/search?q=Colts,NA,Colts,33317,Worldwide,1,2022-10-25T00:02:34Z,2022-10-22T10:10:41Z
Happy Diwali,http://twitter.com/search?q=%22Happy+Diwali%22,NA,%22Happy+Diwali%22,1026903,Worldwide,1,2022-10-25T00:02:34Z,2022-10-22T10:10:41Z
Hatay,http://twitter.com/search?q=Hatay,NA,Hatay,10151,Worldwide,1,2022-10-25T00:02:34Z,2022-10-22T10:10:41Z
Ted Cruz,http://twitter.com/search?q=%22Ted+Cruz%22,NA,%22Ted+Cruz%22,86922,Worldwide,1,2022-10-25T00:02:34Z,2022-10-22T10:10:41Z
HukukDevleti İstiyoruz,http://twitter.com/search?q=%22HukukDevleti+%C4%B0stiyoruz%22,NA,%22HukukDevleti+%C4%B0stiyoruz%22,NA,Worldwide,1,2022-10-25T00:02:34Z,2022-10-22T10:10:41Z
Millete Sesleniş,http://twitter.com/search?q=%22Millete+Sesleni%C5%9F%22,NA,%22Millete+Sesleni%C5%9F%22,14387,Worldwide,1,2022-10-25T00:02:34Z,2022-10-22T10:10:41Z
Şenol Güneş,http://twitter.com/search?q=%22%C5%9Eenol+G%C3%BCne%C5%9F%22,NA,%22%C5%9Eenol+G%C3%BCne%C5%9F%22,NA,Worldwide,1,2022-10-25T00:02:34Z,2022-10-22T10:10:41Z
Josef,http://twitter.com/search?q=Josef,NA,Josef,11027,Worldwide,1,2022-10-25T00:02:34Z,2022-10-22T10:10:41Z
The View,http://twitter.com/search?q=%22The+View%22,NA,%22The+View%22,130295,Worldwide,1,2022-10-25T00:02:34Z,2022-10-22T10:10:41Z
NUPES,http://twitter.com/search?q=NUPES,NA,NUPES,49484,Worldwide,1,2022-10-25T00:02:34Z,2022-10-22T10:10:41Z
Ersin,http://twitter.com/search?q=Ersin,NA,Ersin,NA,Worldwide,1,2022-10-25T00:02:34Z,2022-10-22T10:10:41Z
Ceyhun,http://twitter.com/search?q=Ceyhun,NA,Ceyhun,NA,Worldwide,1,2022-10-25T00:02:34Z,2022-10-22T10:10:41Z
秒速5センチメートル,http://twitter.com/search?q=%E7%A7%92%E9%80%9F5%E3%82%BB%E3%83%B3%E3%83%81%E3%83%A1%E3%83%BC%E3%83%88%E3%83%AB,NA,%E7%A7%92%E9%80%9F5%E3%82%BB%E3%83%B3%E3%83%81%E3%83%A1%E3%83%BC%E3%83%88%E3%83%AB,NA,Worldwide,1,2022-10-25T00:02:34Z,2022-10-22T10:10:41Z
Jonathan Majors,http://twitter.com/search?q=%22Jonathan+Majors%22,NA,%22Jonathan+Majors%22,NA,Worldwide,1,2022-10-25T00:02:34Z,2022-10-22T10:10:41Z
Lindsey Graham,http://twitter.com/search?q=%22Lindsey+Graham%22,NA,%22Lindsey+Graham%22,57305,Worldwide,1,2022-10-25T00:02:34Z,2022-10-22T10:10:41Z
DusSenede İkiDefa,http://twitter.com/search?q=%22DusSenede+%C4%B0kiDefa%22,NA,%22DusSenede+%C4%B0kiDefa%22,NA,Worldwide,1,2022-10-25T00:02:34Z,2022-10-22T10:10:41Z
Whoopi,http://twitter.com/search?q=Whoopi,NA,Whoopi,11938,Worldwide,1,2022-10-25T00:02:34Z,2022-10-22T10:10:41Z
Will and Grace,http://twitter.com/search?q=%22Will+and+Grace%22,NA,%22Will+and+Grace%22,NA,Worldwide,1,2022-10-25T00:02:34Z,2022-10-22T10:10:41Z
Vendi,http://twitter.com/search?q=Vendi,NA,Vendi,14545,Worldwide,1,2022-10-25T00:02:34Z,2022-10-22T10:10:41Z
الفيفا,http://twitter.com/search?q=%D8%A7%D9%84%D9%81%D9%8A%D9%81%D8%A7,NA,%D8%A7%D9%84%D9%81%D9%8A%D9%81%D8%A7,41515,Worldwide,1,2022-10-25T00:02:34Z,2022-10-22T10:10:41Z
Call Me Kat,http://twitter.com/search?q=%22Call+Me+Kat%22,NA,%22Call+Me+Kat%22,NA,Worldwide,1,2022-10-25T00:02:34Z,2022-10-22T10:10:41Z
Prime Minister,http://twitter.com/search?q=%22Prime+Minister%22,NA,%22Prime+Minister%22,439327,Worldwide,1,2022-10-25T00:02:34Z,2022-10-22T10:10:41Z
Cenk,http://twitter.com/search?q=Cenk,NA,Cenk,NA,Worldwide,1,2022-10-25T00:02:34Z,2022-10-22T10:10:41Z
iOS 16.1,http://twitter.com/search?q=%22iOS+16.1%22,NA,%22iOS+16.1%22,NA,Worldwide,1,2022-10-25T00:02:34Z,2022-10-22T10:10:41Z
Britain,http://twitter.com/search?q=Britain,NA,Britain,156004,Worldwide,1,2022-10-25T00:02:34Z,2022-10-22T10:10:41Z
Dele Alli,http://twitter.com/search?q=%22Dele+Alli%22,NA,%22Dele+Alli%22,NA,Worldwide,1,2022-10-25T00:02:34Z,2022-10-22T10:10:41Z
Gedson,http://twitter.com/search?q=Gedson,NA,Gedson,NA,Worldwide,1,2022-10-25T00:02:34Z,2022-10-22T10:10:41Z
Sergen Yalçın,http://twitter.com/search?q=%22Sergen+Yal%C3%A7%C4%B1n%22,NA,%22Sergen+Yal%C3%A7%C4%B1n%22,NA,Worldwide,1,2022-10-25T00:02:34Z,2022-10-22T10:10:41Z
#Fifainu,http://twitter.com/search?q=%23Fifainu,NA,%23Fifainu,NA,Worldwide,1,2022-10-25T00:02:34Z,2022-10-22T10:10:41Z
#Superman,http://twitter.com/search?q=%23Superman,NA,%23Superman,14312,Worldwide,1,2022-10-25T00:02:34Z,2022-10-22T10:10:41Z
#حمدالله,http://twitter.com/search?q=%23%D8%AD%D9%85%D8%AF%D8%A7%D9%84%D9%84%D9%87,NA,%23%D8%AD%D9%85%D8%AF%D8%A7%D9%84%D9%84%D9%87,21752,Worldwide,1,2022-10-25T00:02:34Z,2022-10-22T10:10:41Z
